'Use';'ItemID';'ItemName';'lvlReq';'isMaxLVL';'Icon';'Not Used';'Not Used';'Not Used';'Price';'Discount Price';'Used Price';'Money Flags';'Shop Flags';'Time Flags';'Time';'Point';'From Year';'From Month';'From 0';'From Day';'From Hour';'From Minute';'From Second';'From Millisecond';'To Year';'To Month';'To 0';'To Day';'To Hour';'To Minute';'To Second';'To Millisecond';'Icon2?';'COM0?';'COM1?';'COM2?';'COM3?';'COM4?';'COM4?';'COM4?';'NA';'NA';'NA';'NA';'NA';'NA';'NA';'NA';'NA';'NA';'NA';'NA';'NA';'NA';'NA';'NA';'NA'
'1';'335544320';'Aztec';'0';'0';'ball_01';'0';'0';'0';'0';'0';'0';'0';'0';'0';'0';'0';'0';'0';'0';'0';'0';'0';'0';'0';'0';'0';'0';'0';'0';'0';'0';'0';'1';'0';'1';'0';'';'';'';'';'';'';'';'';'';'';'';'';'';'';'0';'0';'0';'0';'0';'0';'&'
'1';'335544321';'Bomber';'0';'0';'ball_02';'0';'0';'0';'7900';'0';'0';'1';'1';'0';'0';'0';'0';'0';'0';'0';'0';'0';'0';'0';'0';'0';'0';'0';'0';'0';'0';'0';'1';'0';'1';'0';'BFX_B0_FX01.seq';'';'BFX_B2.seq';'BFX_B3.seq';'BFX_B4.seq';'';'';'FX01';'';'';'';'';'';'';'100';'0';'0';'0';'0';'0';'&'
'1';'335544322';'Blue Star';'0';'0';'ball_03';'0';'0';'0';'6900';'0';'0';'1';'33';'0';'0';'0';'0';'0';'0';'0';'0';'0';'0';'0';'0';'0';'0';'0';'0';'0';'0';'0';'1';'0';'1';'0';'';'';'';'BFX_C3.seq';'';'';'';'';'';'';'';'';'';'';'100';'0';'0';'0';'0';'0';'&'
'1';'335544323';'Love Love';'0';'0';'ball_04';'0';'0';'0';'7900';'0';'0';'1';'1';'0';'0';'0';'0';'0';'0';'0';'0';'0';'0';'0';'0';'0';'0';'0';'0';'0';'0';'0';'1';'0';'1';'0';'';'';'';'BFX_D3.seq';'';'';'';'';'';'';'';'';'';'';'100';'0';'0';'0';'0';'0';'&'
'1';'335544324';'Afro Aztec';'0';'0';'ball_06';'0';'0';'0';'3900';'0';'0';'1';'0';'0';'0';'0';'0';'0';'0';'0';'0';'0';'0';'0';'0';'0';'0';'0';'0';'0';'0';'0';'1';'0';'1';'0';'';'';'';'BFX_I3.seq';'';'';'';'';'';'';'';'';'';'';'50';'0';'0';'0';'0';'0';'&'
'1';'335544325';'Water Aztec';'0';'0';'ball_128';'0';'0';'0';'3900';'0';'0';'1';'0';'0';'0';'0';'0';'0';'0';'0';'0';'0';'0';'0';'0';'0';'0';'0';'0';'0';'0';'0';'1';'0';'1';'0';'BFX_J0_FX01.seq';'';'';'BFX_J3.seq';'';'';'';'FX01';'';'';'';'';'';'';'50';'0';'0';'0';'0';'0';'&'
'1';'335544326';'Firework Aztec';'0';'0';'ball_05';'0';'0';'0';'3900';'0';'0';'1';'0';'0';'0';'0';'0';'0';'0';'0';'0';'0';'0';'0';'0';'0';'0';'0';'0';'0';'0';'0';'1';'0';'1';'0';'';'';'';'BFX_G3.seq';'';'';'BFX_G6.seq';'';'';'';'';'';'';'';'50';'0';'0';'0';'0';'0';'&'
'1';'335544327';'G-Star Aztec';'0';'0';'ball_07';'0';'0';'0';'10000000';'0';'0';'0';'0';'0';'0';'0';'0';'0';'0';'0';'0';'0';'0';'0';'0';'0';'0';'0';'0';'0';'0';'0';'1';'0';'1';'0';'';'';'';'BFX_C3.seq';'';'';'';'';'';'';'';'';'';'';'50';'0';'0';'0';'0';'0';'&'
'1';'335544328';'Fortune Aztec';'0';'0';'ball_08';'0';'0';'0';'3900';'0';'0';'1';'0';'0';'0';'0';'0';'0';'0';'0';'0';'0';'0';'0';'0';'0';'0';'0';'0';'0';'0';'0';'1';'0';'1';'0';'BFX_B0_FX01.seq';'';'BFX_B2.seq';'BFX_B3.seq';'BFX_B4.seq';'';'';'FX01';'';'';'';'';'';'';'50';'0';'0';'0';'0';'0';'&'
'1';'335544329';'Fortune Aztec (Gift)';'0';'0';'ball_08';'0';'0';'0';'3900';'0';'0';'1';'0';'0';'0';'0';'0';'0';'0';'0';'0';'0';'0';'0';'0';'0';'0';'0';'0';'0';'0';'0';'1';'0';'1';'0';'BFX_B0_FX01.seq';'';'BFX_B2.seq';'BFX_B3.seq';'BFX_B4.seq';'';'';'FX01';'';'';'';'';'';'';'10';'0';'0';'0';'0';'0';'&'
'1';'335544330';'Christmas';'0';'0';'ball_10';'0';'0';'0';'3900';'0';'0';'1';'0';'0';'0';'0';'0';'0';'0';'0';'0';'0';'0';'0';'0';'0';'0';'0';'0';'0';'0';'0';'1';'0';'1';'0';'BFX_H0_Cylinder01.seq';'';'';'BFX_H3.seq';'';'';'';'Cylinder01';'';'';'';'';'';'';'50';'0';'0';'0';'0';'0';'&'
'0';'335544331';'HG Aztec (JP)';'0';'0';'ball_11';'0';'0';'0';'3900';'0';'0';'1';'0';'0';'0';'0';'0';'0';'0';'0';'0';'0';'0';'0';'0';'0';'0';'0';'0';'0';'0';'0';'1';'0';'1';'0';'';'';'';'BFX_I3.seq';'';'';'';'';'';'';'';'';'';'';'30';'0';'0';'0';'0';'0';'&'
'1';'335544332';'Clover Aztec';'0';'0';'ball_12';'0';'0';'0';'6900';'0';'0';'1';'0';'0';'0';'0';'0';'0';'0';'0';'0';'0';'0';'0';'0';'0';'0';'0';'0';'0';'0';'0';'1';'0';'1';'0';'';'';'';'BFX_O1.seq';'';'';'';'';'';'';'';'';'';'';'30';'0';'0';'0';'0';'0';'&'
'0';'335544333';'Blue Star Aztec (Gift)';'0';'0';'ball_03';'0';'0';'0';'10000000';'0';'0';'0';'0';'0';'0';'0';'0';'0';'0';'0';'0';'0';'0';'0';'0';'0';'0';'0';'0';'0';'0';'0';'1';'0';'1';'0';'';'';'';'BFX_C3.seq';'';'';'';'';'';'';'';'';'';'';'10';'0';'0';'0';'0';'0';'&'
'1';'335544334';'2nd Anniversary Aztec';'0';'0';'ball_14';'0';'0';'0';'10000000';'0';'0';'0';'0';'0';'0';'0';'0';'0';'0';'0';'0';'0';'0';'0';'0';'0';'0';'0';'0';'0';'0';'0';'1';'0';'1';'0';'BFX_B0_FX01.seq';'';'BFX_B2.seq';'BFX_B3.seq';'BFX_B4.seq';'';'';'FX01';'';'';'';'';'';'';'5';'0';'0';'0';'0';'0';'&'
'0';'335544335';'Blue Aztec(PH)';'0';'0';'ball_03';'0';'0';'0';'1000';'0';'0';'1';'0';'0';'0';'0';'0';'0';'0';'0';'0';'0';'0';'0';'0';'0';'0';'0';'0';'0';'0';'0';'1';'0';'1';'0';'';'';'';'BFX_C3.seq';'';'';'';'';'';'';'';'';'';'';'150';'0';'0';'0';'0';'0';'&'
'0';'335544336';'Clover Aztec';'0';'0';'ball_12';'0';'0';'0';'6900';'0';'0';'1';'0';'0';'0';'0';'0';'0';'0';'0';'0';'0';'0';'0';'0';'0';'0';'0';'0';'0';'0';'0';'1';'0';'1';'0';'';'';'';'BFX_O1.seq';'';'';'';'';'';'';'';'';'';'';'30';'0';'0';'0';'0';'0';'&'
'1';'335544337';'Aztec Winning Ball';'0';'0';'ball_17';'0';'0';'0';'3900';'0';'0';'1';'0';'0';'0';'0';'0';'0';'0';'0';'0';'0';'0';'0';'0';'0';'0';'0';'0';'0';'0';'0';'1';'0';'1';'0';'';'';'BFX_P1.seq';'';'';'';'';'';'';'';'';'';'';'';'50';'0';'0';'0';'0';'0';'&'
'1';'335544338';'Aztec Soccer Ball';'0';'0';'ball_18';'0';'0';'0';'3900';'0';'0';'1';'0';'0';'0';'0';'0';'0';'0';'0';'0';'0';'0';'0';'0';'0';'0';'0';'0';'0';'0';'0';'1';'0';'1';'0';'';'';'BFX_P1.seq';'';'';'';'';'';'';'';'';'';'';'';'50';'0';'0';'0';'0';'0';'&'
'0';'335544339';'Blue Star (Gift)(PH)';'0';'0';'ball_03';'0';'0';'0';'10000000';'0';'0';'0';'0';'0';'0';'0';'0';'0';'0';'0';'0';'0';'0';'0';'0';'0';'0';'0';'0';'0';'0';'0';'1';'0';'1';'0';'';'';'';'BFX_C3.seq';'';'';'';'';'';'';'';'';'';'';'18';'0';'0';'0';'0';'0';'&'
'0';'335544340';'?????????? ???(BRS)';'0';'0';'ball_18';'0';'0';'0';'10000000';'0';'0';'0';'0';'0';'0';'0';'0';'0';'0';'0';'0';'0';'0';'0';'0';'0';'0';'0';'0';'0';'0';'0';'1';'0';'1';'0';'';'';'BFX_P1.seq';'';'';'';'';'';'';'';'';'';'';'';'10';'0';'0';'0';'0';'0';'&'
'0';'335544341';'?????(USA)';'0';'0';'ball_21';'0';'0';'0';'10000000';'0';'0';'0';'0';'0';'0';'0';'0';'0';'0';'0';'0';'0';'0';'0';'0';'0';'0';'0';'0';'0';'0';'0';'1';'0';'1';'0';'';'';'';'BFX_R.seq';'';'';'';'';'';'';'';'';'';'';'100';'0';'0';'0';'0';'0';'&'
'1';'335544342';'Watermelon Aztec';'0';'0';'ball_22';'0';'0';'0';'3900';'0';'0';'1';'0';'0';'0';'0';'0';'0';'0';'0';'0';'0';'0';'0';'0';'0';'0';'0';'0';'0';'0';'0';'1';'0';'1';'0';'';'';'BFX_Q1.seq';'';'';'';'';'';'';'';'';'';'';'';'50';'0';'0';'0';'0';'0';'&'
'0';'335544343';'??????? ??? (JP)';'0';'0';'ball_03';'0';'0';'0';'10000000';'0';'0';'1';'0';'0';'0';'0';'0';'0';'0';'0';'0';'0';'0';'0';'0';'0';'0';'0';'0';'0';'0';'0';'1';'0';'1';'0';'';'';'';'BFX_C3.seq';'';'';'';'';'';'';'';'';'';'';'5';'0';'0';'0';'0';'0';'&'
'0';'335544344';'FFL Love Aztec (PH)';'0';'0';'ball_04';'0';'0';'0';'10000000';'0';'0';'1';'0';'0';'0';'0';'0';'0';'0';'0';'0';'0';'0';'0';'0';'0';'0';'0';'0';'0';'0';'0';'1';'0';'1';'0';'';'';'';'BFX_D3.seq';'';'';'';'';'';'';'';'';'';'';'18';'0';'0';'0';'0';'0';'&'
'1';'335544345';'WCG2006 Aztec';'0';'0';'ball_25';'0';'0';'0';'12';'0';'0';'1';'0';'0';'0';'0';'0';'0';'0';'0';'0';'0';'0';'0';'0';'0';'0';'0';'0';'0';'0';'0';'1';'0';'1';'0';'';'';'';'BFX_C3.seq';'';'';'';'';'';'';'';'';'';'';'50';'0';'0';'0';'0';'0';'&'
'1';'335544346';'Halloween Aztec';'0';'0';'ball_26';'0';'0';'0';'12';'0';'0';'1';'0';'0';'0';'0';'0';'0';'0';'0';'0';'0';'0';'0';'0';'0';'0';'0';'0';'0';'0';'0';'1';'0';'1';'0';'BFX_X1.seq';'';'';'';'';'';'';'';'';'';'';'';'';'';'50';'0';'0';'0';'0';'0';'&'
'0';'335544347';'Pumpkin Aztec (Gift)';'0';'0';'ball_26';'0';'0';'0';'10000000';'0';'0';'0';'0';'0';'0';'0';'0';'0';'0';'0';'0';'0';'0';'0';'0';'0';'0';'0';'0';'0';'0';'0';'1';'0';'1';'0';'BFX_X1.seq';'';'';'';'';'';'';'';'';'';'';'';'';'';'10';'0';'0';'0';'0';'0';'&'
'0';'335544348';'???????(JP)';'0';'0';'ball_28';'0';'0';'0';'10000000';'0';'0';'0';'0';'0';'0';'0';'0';'0';'0';'0';'0';'0';'0';'0';'0';'0';'0';'0';'0';'0';'0';'0';'1';'0';'1';'0';'';'';'';'';'';'';'';'';'';'';'';'';'';'';'103';'0';'0';'0';'0';'0';'&'
'0';'335544349';'?????(JP)';'0';'0';'ball_29';'0';'0';'0';'10000000';'0';'0';'0';'0';'0';'0';'0';'0';'0';'0';'0';'0';'0';'0';'0';'0';'0';'0';'0';'0';'0';'0';'0';'1';'0';'1';'0';'';'';'';'';'';'';'';'';'';'';'';'';'';'';'50';'0';'0';'0';'0';'0';'&'
'1';'335544350';'Sakura Aztec';'0';'0';'ball_30';'0';'0';'0';'3900';'0';'0';'1';'0';'0';'0';'0';'0';'0';'0';'0';'0';'0';'0';'0';'0';'0';'0';'0';'0';'0';'0';'0';'1';'0';'1';'0';'';'';'BFX_02_1.seq';'';'';'';'';'';'';'';'';'';'';'';'50';'0';'0';'0';'0';'0';'&'
'1';'335544351';'3rd Anniversary Aztec';'0';'0';'ball_31';'0';'0';'0';'3900';'0';'0';'1';'16';'0';'0';'0';'0';'0';'0';'0';'0';'0';'0';'0';'0';'0';'0';'0';'0';'0';'0';'0';'1';'0';'1';'0';'';'';'BFX_B2.seq';'BFX_B3.seq';'BFX_B4.seq';'';'';'';'';'';'';'';'';'';'50';'0';'0';'0';'0';'0';'&'
'1';'335544352';'Rainbow Aztec';'0';'0';'ball_32';'0';'0';'0';'3900';'0';'0';'1';'0';'0';'0';'0';'0';'0';'0';'0';'0';'0';'0';'0';'0';'0';'0';'0';'0';'0';'0';'0';'1';'0';'1';'0';'';'';'';'rainbow_001.seq';'';'';'';'';'';'';'';'';'';'';'50';'0';'0';'0';'0';'0';'&'
'0';'335544353';'??????(CN)';'0';'0';'ball_32';'0';'0';'0';'44';'0';'0';'1';'0';'0';'0';'0';'0';'0';'0';'0';'0';'0';'0';'0';'0';'0';'0';'0';'0';'0';'0';'0';'1';'0';'1';'0';'';'';'';'rainbow_001.seq';'';'';'';'';'';'';'';'';'';'';'100';'0';'0';'0';'0';'0';'&'
'1';'335544354';'Chocolate Aztec';'0';'0';'ball_34';'0';'0';'0';'3900';'0';'0';'1';'0';'0';'0';'0';'0';'0';'0';'0';'0';'0';'0';'0';'0';'0';'0';'0';'0';'0';'0';'0';'1';'0';'1';'0';'';'';'Ball_06_0.seq';'';'';'';'';'';'';'';'';'';'';'';'50';'0';'0';'0';'0';'0';'&'
'0';'335544355';'??????_??(JPN)';'0';'0';'ball_35';'0';'0';'0';'9';'0';'0';'1';'0';'0';'0';'0';'0';'0';'0';'0';'0';'0';'0';'0';'0';'0';'0';'0';'0';'0';'0';'0';'1';'0';'1';'0';'';'';'Ball_07_0.seq';'';'';'';'';'';'';'';'';'';'';'';'30';'0';'0';'0';'0';'0';'&'
'0';'335544356';'??????_??(JPN)';'0';'0';'ball_36';'0';'0';'0';'9';'0';'0';'1';'0';'0';'0';'0';'0';'0';'0';'0';'0';'0';'0';'0';'0';'0';'0';'0';'0';'0';'0';'0';'1';'0';'1';'0';'';'';'Ball_talent_02.seq';'';'';'';'';'';'';'';'';'';'';'';'30';'0';'0';'0';'0';'0';'&'
'0';'335544358';'??????_???(JPN)';'0';'0';'ball_38';'0';'0';'0';'9';'0';'0';'1';'0';'0';'0';'0';'0';'0';'0';'0';'0';'0';'0';'0';'0';'0';'0';'0';'0';'0';'0';'0';'1';'0';'1';'0';'';'';'Ball_talent_03.seq';'';'';'';'';'';'';'';'';'';'';'';'30';'0';'0';'0';'0';'0';'&'
'0';'335544359';'??????_???(JPN)';'0';'0';'ball_39';'0';'0';'0';'9';'0';'0';'1';'0';'0';'0';'0';'0';'0';'0';'0';'0';'0';'0';'0';'0';'0';'0';'0';'0';'0';'0';'0';'1';'0';'1';'0';'';'';'Ball_talent_04.seq';'';'';'';'';'';'';'';'';'';'';'';'30';'0';'0';'0';'0';'0';'&'
'0';'335544360';'??????_??(JPN)';'0';'0';'ball_40';'0';'0';'0';'9';'0';'0';'1';'17';'0';'0';'0';'0';'0';'0';'0';'0';'0';'0';'0';'0';'0';'0';'0';'0';'0';'0';'0';'1';'0';'1';'0';'';'';'Ball_talent_05.seq';'';'';'';'';'';'';'';'';'';'';'';'30';'0';'0';'0';'0';'0';'&'
'0';'335544361';'??????_??(JPN)';'0';'0';'ball_41';'0';'0';'0';'9';'0';'0';'1';'17';'0';'0';'0';'0';'0';'0';'0';'0';'0';'0';'0';'0';'0';'0';'0';'0';'0';'0';'0';'1';'0';'1';'0';'';'';'Ball_talent_06.seq';'';'';'';'';'';'';'';'';'';'';'';'30';'0';'0';'0';'0';'0';'&'
'0';'335544362';'??????_?(JPN)';'0';'0';'ball_42';'0';'0';'0';'9';'0';'0';'1';'17';'0';'0';'0';'0';'0';'0';'0';'0';'0';'0';'0';'0';'0';'0';'0';'0';'0';'0';'0';'1';'0';'1';'0';'';'';'Ball_talent_07.seq';'';'';'';'';'';'';'';'';'';'';'';'30';'0';'0';'0';'0';'0';'&'
'0';'335544363';'??????_??(JPN)';'0';'0';'ball_43';'0';'0';'0';'9';'0';'0';'1';'17';'0';'0';'0';'0';'0';'0';'0';'0';'0';'0';'0';'0';'0';'0';'0';'0';'0';'0';'0';'1';'0';'1';'0';'';'';'Ball_talent_08.seq';'';'';'';'';'';'';'';'';'';'';'';'30';'0';'0';'0';'0';'0';'&'
'0';'335544364';'??????(TW)';'0';'0';'ball_44';'0';'0';'0';'23';'18';'0';'1';'0';'0';'0';'0';'0';'0';'0';'0';'0';'0';'0';'0';'0';'0';'0';'0';'0';'0';'0';'0';'1';'0';'1';'0';'';'';'';'';'';'';'';'';'';'';'';'';'';'';'50';'0';'0';'0';'0';'0';'&'
'1';'335544369';'Halloween Skull Aztec';'0';'0';'ball_49';'0';'0';'0';'3900';'0';'0';'1';'0';'0';'0';'0';'2007';'10';'0';'18';'20';'0';'0';'0';'2007';'11';'0';'13';'4';'0';'0';'0';'1';'0';'1';'0';'';'';'BFX_22.seq';'';'';'';'';'';'';'';'';'';'';'';'50';'0';'0';'0';'0';'0';'&'
'1';'335544370';'Halloween Skull Aztec';'0';'0';'ball_50';'0';'0';'0';'3900';'0';'0';'1';'0';'0';'0';'0';'0';'0';'0';'0';'0';'0';'0';'0';'0';'0';'0';'0';'0';'0';'0';'0';'1';'0';'1';'0';'';'';'';'BFX_C3.seq';'';'';'';'';'';'';'';'';'';'';'50';'0';'0';'0';'0';'0';'&'
'1';'335544371';'4th Anniversary Aztec';'0';'0';'ball_51';'0';'0';'0';'3900';'0';'0';'1';'0';'0';'0';'0';'0';'0';'0';'0';'0';'0';'0';'0';'0';'0';'0';'0';'0';'0';'0';'0';'1';'0';'1';'0';'';'';'BFX_B2.seq';'BFX_B3.seq';'BFX_B4.seq';'';'';'';'';'';'';'';'';'';'50';'0';'0';'0';'0';'0';'&'
'1';'335544372';'Canna Aztec';'0';'0';'ball_52';'0';'0';'0';'3900';'0';'0';'1';'16';'0';'0';'0';'0';'0';'0';'0';'0';'0';'0';'0';'0';'0';'0';'0';'0';'0';'0';'0';'1';'0';'1';'0';'';'';'BFX_02_1.seq';'';'';'';'';'';'';'';'';'';'';'';'50';'0';'0';'0';'0';'0';'&'
'0';'335544374';'Talk Play Love ???';'0';'0';'ball_54';'0';'0';'0';'10000000';'0';'0';'0';'0';'0';'0';'0';'0';'0';'0';'0';'0';'0';'0';'0';'0';'0';'0';'0';'0';'0';'0';'0';'1';'0';'1';'0';'';'';'';'';'';'';'';'';'';'';'';'';'';'';'10';'0';'0';'0';'0';'0';'&'
'0';'335544375';'??? ???';'0';'0';'ball_55';'0';'0';'0';'13';'0';'0';'1';'0';'0';'0';'0';'2008';'9';'0';'30';'7';'0';'0';'0';'2008';'10';'0';'28';'4';'0';'0';'0';'1';'0';'1';'0';'';'';'';'BFX_C3.seq';'';'';'';'';'';'';'';'';'';'';'50';'0';'0';'0';'0';'0';'&'
'0';'335544376';'??? ???';'0';'0';'ball_56';'0';'0';'0';'13';'0';'0';'1';'0';'0';'0';'0';'2008';'9';'0';'30';'7';'0';'0';'0';'2008';'10';'0';'28';'4';'0';'0';'0';'1';'0';'1';'0';'';'';'';'BFX_C3.seq';'';'';'';'';'';'';'';'';'';'';'50';'0';'0';'0';'0';'0';'&'
'0';'335544377';'????? ???';'0';'0';'ball_57';'0';'0';'0';'13';'0';'0';'1';'0';'0';'0';'0';'2008';'9';'0';'30';'7';'0';'0';'0';'2008';'10';'0';'28';'4';'0';'0';'0';'1';'0';'1';'0';'';'';'';'BFX_C3.seq';'';'';'';'';'';'';'';'';'';'';'50';'0';'0';'0';'0';'0';'&'
'0';'335544378';'?????? ???';'0';'0';'ball_58';'0';'0';'0';'10000000';'0';'0';'0';'0';'0';'0';'0';'0';'0';'0';'0';'0';'0';'0';'0';'0';'0';'0';'0';'0';'0';'0';'0';'1';'0';'1';'0';'';'';'';'BFX_C3.seq';'';'';'';'';'';'';'';'';'';'';'10';'0';'0';'0';'0';'0';'&'
'1';'335544379';'Chihuahua Aztec';'0';'0';'ball_59';'0';'0';'0';'3900';'0';'0';'1';'0';'0';'0';'0';'0';'0';'0';'0';'0';'0';'0';'0';'0';'0';'0';'0';'0';'0';'0';'0';'1';'0';'1';'0';'';'';'';'';'';'';'';'';'';'';'';'';'';'';'50';'0';'0';'0';'0';'0';'&'
'1';'335544380';'Light Aztec';'0';'0';'ball_60';'0';'0';'0';'10000000';'0';'0';'0';'0';'0';'0';'0';'0';'0';'0';'0';'0';'0';'0';'0';'0';'0';'0';'0';'0';'0';'0';'0';'1';'0';'1';'0';'BFX_B0_FX01.seq';'';'BFX_B2.seq';'BFX_B3.seq';'BFX_B4.seq';'';'';'FX01';'';'';'';'';'';'';'50';'0';'0';'0';'0';'0';'&'
'1';'335544381';'Shadow Aztec';'0';'0';'ball_61';'0';'0';'0';'10000000';'0';'0';'0';'0';'0';'0';'0';'0';'0';'0';'0';'0';'0';'0';'0';'0';'0';'0';'0';'0';'0';'0';'0';'1';'0';'1';'0';'BFX_B0_FX01.seq';'';'BFX_B2.seq';'BFX_B3.seq';'BFX_B4.seq';'';'';'FX01';'';'';'';'';'';'';'50';'0';'0';'0';'0';'0';'&'
'1';'335544384';'Tiger Aztec';'0';'0';'ball_64';'0';'0';'0';'10000000';'0';'0';'0';'0';'0';'0';'0';'0';'0';'0';'0';'0';'0';'0';'0';'0';'0';'0';'0';'0';'0';'0';'0';'1';'0';'1';'0';'';'';'BFX_T01.seq';'';'';'';'';'';'';'';'';'';'';'';'10';'0';'0';'0';'0';'0';'&'
'1';'335544385';'Kooh Aztec';'0';'0';'ball_65';'0';'0';'0';'1000000';'0';'0';'0';'0';'0';'0';'0';'0';'0';'0';'0';'0';'0';'0';'0';'0';'0';'0';'0';'0';'0';'0';'0';'1';'0';'1';'0';'';'';'';'';'';'';'';'';'';'';'';'';'';'';'10';'0';'0';'0';'0';'0';'&'
'1';'335544387';'Hana Aztec';'0';'0';'ball_67';'0';'0';'0';'3900';'0';'0';'1';'0';'0';'0';'0';'0';'0';'0';'0';'0';'0';'0';'0';'0';'0';'0';'0';'0';'0';'0';'0';'1';'0';'1';'0';'';'';'';'';'';'';'';'';'';'';'';'';'';'';'50';'0';'0';'0';'0';'0';'&'
'1';'335544391';'Cesillia Aztec';'0';'0';'ball_71';'0';'0';'0';'3900';'0';'0';'1';'0';'0';'0';'0';'2010';'6';'0';'23';'12';'0';'0';'0';'2010';'7';'0';'7';'12';'0';'0';'0';'1';'0';'1';'0';'';'';'';'BFX_B3.seq';'';'';'';'';'';'';'';'';'';'';'50';'0';'0';'0';'0';'0';'&'
'1';'335544392';'Lucia Birthday Aztec';'0';'0';'ball_72';'0';'0';'0';'3900';'0';'0';'1';'0';'0';'0';'0';'0';'0';'0';'0';'0';'0';'0';'0';'0';'0';'0';'0';'0';'0';'0';'0';'1';'0';'1';'0';'';'';'';'BFX_B3.seq';'';'';'';'';'';'';'';'';'';'';'50';'0';'0';'0';'0';'0';'&'
'1';'335544397';'Nuri Aztec';'0';'0';'ball_77';'0';'0';'0';'3900';'0';'0';'1';'0';'0';'0';'0';'0';'0';'0';'0';'0';'0';'0';'0';'0';'0';'0';'0';'0';'0';'0';'0';'1';'0';'1';'0';'';'';'';'';'';'';'';'';'';'';'';'';'';'';'50';'0';'0';'0';'0';'0';'&'
'1';'335544398';'Arin Aztec';'0';'0';'ball_78';'0';'0';'0';'3900';'0';'0';'1';'0';'0';'0';'0';'0';'0';'0';'0';'0';'0';'0';'0';'0';'0';'0';'0';'0';'0';'0';'0';'1';'0';'1';'0';'';'';'';'';'';'';'';'';'';'';'';'';'';'';'50';'0';'0';'0';'0';'0';'&'
'1';'335544399';'Arthur Birthday Aztec';'0';'0';'ball_79';'0';'0';'0';'3900';'0';'0';'1';'0';'0';'0';'0';'0';'0';'0';'0';'0';'0';'0';'0';'0';'0';'0';'0';'0';'0';'0';'0';'1';'0';'1';'0';'';'';'';'';'';'';'';'';'';'';'';'';'';'';'50';'0';'0';'0';'0';'0';'&'
'1';'335544401';'Together Love Dad Aztec';'0';'0';'ball_81';'0';'0';'0';'3900';'0';'0';'1';'0';'0';'0';'0';'0';'0';'0';'0';'0';'0';'0';'0';'0';'0';'0';'0';'0';'0';'0';'0';'1';'0';'1';'0';'';'';'';'';'';'';'';'';'';'';'';'';'';'';'50';'0';'0';'0';'0';'0';'&'
'1';'335544402';'Kaz Birthday Aztec';'0';'0';'ball_82';'0';'0';'0';'3900';'0';'0';'1';'16';'0';'0';'0';'2010';'12';'0';'29';'12';'0';'0';'0';'2011';'1';'0';'13';'12';'0';'0';'0';'1';'0';'1';'0';'';'';'';'BFX_B3.seq';'';'';'';'';'';'';'';'';'';'';'50';'0';'0';'0';'0';'0';'&'
'0';'335544448';'Water Aztec';'0';'0';'ball_128';'0';'0';'0';'1000000';'0';'0';'0';'0';'0';'0';'0';'0';'0';'0';'0';'0';'0';'0';'0';'0';'0';'0';'0';'0';'0';'0';'0';'1';'0';'1';'0';'BFX_J0_FX01.seq';'';'';'BFX_J3.seq';'';'';'';'FX01';'';'';'';'';'';'';'100';'0';'0';'0';'0';'0';'&'
'0';'335544449';'Bomber';'0';'0';'ball_02';'0';'0';'0';'15800';'15800';'0';'3';'0';'0';'0';'0';'0';'0';'0';'0';'0';'0';'0';'0';'0';'0';'0';'0';'0';'0';'0';'0';'1';'0';'1';'0';'BFX_B0_FX01.seq';'';'BFX_B2.seq';'BFX_B3.seq';'BFX_B4.seq';'';'';'FX01';'';'';'';'';'';'';'220';'0';'0';'0';'0';'0';'&'
'0';'335544450';'Bomber';'0';'0';'ball_02';'0';'0';'0';'47400';'39500';'0';'3';'0';'0';'0';'0';'0';'0';'0';'0';'0';'0';'0';'0';'0';'0';'0';'0';'0';'0';'0';'0';'1';'0';'1';'0';'BFX_B0_FX01.seq';'';'BFX_B2.seq';'BFX_B3.seq';'BFX_B4.seq';'';'';'FX01';'';'';'';'';'';'';'600';'0';'0';'0';'0';'0';'&'
'0';'335544451';'Love Love';'0';'0';'ball_04';'0';'0';'0';'15900';'13800';'0';'3';'0';'0';'0';'0';'0';'0';'0';'0';'0';'0';'0';'0';'0';'0';'0';'0';'0';'0';'0';'0';'1';'0';'1';'0';'';'';'';'BFX_D3.seq';'';'';'';'';'';'';'';'';'';'';'220';'0';'0';'0';'0';'0';'&'
'0';'335544452';'Love Love';'0';'0';'ball_04';'0';'0';'0';'39500';'34500';'0';'3';'0';'0';'0';'0';'0';'0';'0';'0';'0';'0';'0';'0';'0';'0';'0';'0';'0';'0';'0';'0';'1';'0';'1';'0';'';'';'';'BFX_D3.seq';'';'';'';'';'';'';'';'';'';'';'600';'0';'0';'0';'0';'0';'&'
'0';'335544453';'2???????(ID)';'0';'0';'ball_14';'0';'0';'0';'10000000';'0';'0';'0';'0';'0';'0';'0';'0';'0';'0';'0';'0';'0';'0';'0';'0';'0';'0';'0';'0';'0';'0';'0';'1';'0';'1';'0';'BFX_B0_FX01.seq';'';'BFX_B2.seq';'BFX_B3.seq';'BFX_B4.seq';'';'';'FX01';'';'';'';'';'';'';'10';'0';'0';'0';'0';'0';'&'
'1';'335544454';'LoveMom Aztec';'0';'0';'ball_134';'0';'0';'0';'3900';'0';'0';'1';'0';'0';'0';'0';'0';'0';'0';'0';'0';'0';'0';'0';'0';'0';'0';'0';'0';'0';'0';'0';'1';'0';'1';'0';'';'';'';'BFX_D3.seq';'';'';'';'';'';'';'';'';'';'';'50';'0';'0';'0';'0';'0';'&'
'1';'335544455';'Wooo Hooo Aztec';'0';'0';'ball_11';'0';'0';'0';'3900';'0';'0';'1';'0';'0';'0';'0';'0';'0';'0';'0';'0';'0';'0';'0';'0';'0';'0';'0';'0';'0';'0';'0';'1';'0';'1';'0';'';'';'';'BFX_I3.seq';'';'';'';'';'';'';'';'';'';'';'50';'0';'0';'0';'0';'0';'&'
'1';'335544465';'Smiling Goblin Aztec';'0';'0';'Ball_HW';'0';'0';'0';'3900';'0';'0';'1';'0';'0';'0';'0';'0';'0';'0';'0';'0';'0';'0';'0';'0';'0';'0';'0';'0';'0';'0';'0';'1';'0';'1';'0';'';'';'ball_hw.seq';'';'';'';'';'';'';'';'';'';'';'';'50';'0';'0';'0';'0';'0';'&'
'1';'335544489';'TGS Aztec';'0';'0';'ball_169';'0';'0';'0';'1000000';'0';'0';'0';'0';'0';'0';'0';'0';'0';'0';'0';'0';'0';'0';'0';'0';'0';'0';'0';'0';'0';'0';'0';'1';'0';'1';'0';'';'';'';'';'';'';'';'';'';'';'';'';'';'';'50';'0';'0';'0';'0';'0';'&'
'1';'335544490';'Red Cross Aztec';'0';'0';'ball_170';'0';'0';'0';'1000000';'0';'0';'0';'0';'0';'0';'0';'0';'0';'0';'0';'0';'0';'0';'0';'0';'0';'0';'0';'0';'0';'0';'0';'1';'0';'1';'0';'';'';'';'';'';'';'';'';'';'';'';'';'';'';'50';'0';'0';'0';'0';'0';'&'
'1';'335544491';'We love Thai Aztec';'0';'0';'ball_171';'0';'0';'0';'3900';'0';'0';'1';'0';'0';'0';'0';'0';'0';'0';'0';'0';'0';'0';'0';'0';'0';'0';'0';'0';'0';'0';'0';'1';'0';'1';'0';'';'';'';'';'';'';'';'';'';'';'';'';'';'';'50';'0';'0';'0';'0';'0';'&'
'1';'335544493';'5th Anniversary Aztec';'0';'0';'ball_62';'0';'0';'0';'3900';'0';'0';'1';'0';'0';'0';'0';'0';'0';'0';'0';'0';'0';'0';'0';'0';'0';'0';'0';'0';'0';'0';'0';'1';'0';'1';'0';'';'';'BFX_B2.seq';'BFX_B3.seq';'BFX_B4.seq';'';'';'';'';'';'';'';'';'';'50';'0';'0';'0';'0';'0';'&'
'1';'335544495';'2010ﾠWCﾠAztec';'0';'0';'ball_173';'0';'0';'0';'10000000';'0';'0';'0';'0';'0';'0';'0';'0';'0';'0';'0';'0';'0';'0';'0';'0';'0';'0';'0';'0';'0';'0';'0';'1';'0';'1';'0';'';'';'BFX_P1.seq';'';'';'';'';'';'';'';'';'';'';'';'50';'0';'0';'0';'0';'0';'&'
'1';'335544498';'PWC Aztec(Black)';'0';'0';'ball_178';'0';'0';'0';'3900';'0';'0';'1';'17';'0';'0';'0';'0';'0';'0';'0';'0';'0';'0';'0';'0';'0';'0';'0';'0';'0';'0';'0';'1';'0';'1';'0';'';'';'';'';'';'';'';'';'';'';'';'';'';'';'50';'0';'0';'0';'0';'0';'&'
'1';'335544499';'PWC Aztec(White)';'0';'0';'ball_179';'0';'0';'0';'3900';'0';'0';'1';'17';'0';'0';'0';'0';'0';'0';'0';'0';'0';'0';'0';'0';'0';'0';'0';'0';'0';'0';'0';'1';'0';'1';'0';'';'';'';'';'';'';'';'';'';'';'';'';'';'';'50';'0';'0';'0';'0';'0';'&'
