'Use';'ItemID';'ItemName';'lvlReq';'isMaxLVL';'Icon';'Not Used';'Not Used';'Not Used';'Price';'Discount Price';'Used Price';'Money Flags';'Shop Flags';'Time Flags';'Time';'Point';'From Year';'From Month';'From 0';'From Day';'From Hour';'From Minute';'From Second';'From Millisecond';'To Year';'To Month';'To 0';'To Day';'To Hour';'To Minute';'To Second';'To Millisecond';'Icon2?';'Amount';'COM1?';'COM2?';'COM3?';'COM4?';'NA'
'1';'402653184';'Spin Mastery';'0';'0';'item0_00';'0';'0';'0';'120';'0';'0';'2';'3';'0';'0';'0';'0';'0';'0';'0';'0';'0';'0';'0';'0';'0';'0';'0';'0';'0';'0';'0';'0';'0';'0';'0';'0';'0';''
'1';'402653185';'Curve Mastery';'0';'0';'item0_01';'0';'0';'0';'100';'0';'0';'2';'3';'0';'0';'0';'0';'0';'0';'0';'0';'0';'0';'0';'0';'0';'0';'0';'0';'0';'0';'0';'0';'0';'0';'0';'0';'0';''
'1';'402653186';'Lucky Pangya Classic';'0';'0';'item0_02';'0';'0';'0';'150';'0';'0';'0';'0';'0';'0';'0';'0';'0';'0';'0';'0';'0';'0';'0';'0';'0';'0';'0';'0';'0';'0';'0';'0';'0';'0';'0';'0';'0';''
'1';'402653187';'Tranquillizer Classic';'0';'0';'item0_03';'0';'0';'0';'130';'0';'0';'0';'0';'0';'0';'0';'0';'0';'0';'0';'0';'0';'0';'0';'0';'0';'0';'0';'0';'0';'0';'0';'0';'0';'0';'0';'0';'0';''
'1';'402653188';'Strength Boost';'0';'0';'item0_04';'0';'0';'0';'130';'0';'0';'2';'3';'0';'0';'0';'0';'0';'0';'0';'0';'0';'0';'0';'0';'0';'0';'0';'0';'0';'0';'0';'0';'0';'0';'0';'0';'0';''
'1';'402653189';'Miracle Sign';'0';'0';'item0_05';'0';'0';'0';'180';'0';'0';'2';'3';'0';'0';'0';'0';'0';'0';'0';'0';'0';'0';'0';'0';'0';'0';'0';'0';'0';'0';'0';'0';'0';'0';'0';'0';'0';''
'1';'402653190';'Silent Wind';'0';'0';'item0_06';'0';'0';'0';'2900';'0';'0';'1';'33';'0';'0';'0';'0';'0';'0';'0';'0';'0';'0';'0';'0';'0';'0';'0';'0';'0';'0';'0';'10';'0';'0';'0';'0';'0';''
'1';'402653191';'Lucky Pangya';'0';'0';'item0_07';'0';'0';'0';'40';'0';'0';'2';'3';'0';'0';'0';'0';'0';'0';'0';'0';'0';'0';'0';'0';'0';'0';'0';'0';'0';'0';'0';'0';'33';'0';'0';'0';'0';''
'1';'402653192';'Tranquillizer';'0';'0';'item0_08';'0';'0';'0';'30';'0';'0';'2';'3';'0';'0';'0';'0';'0';'0';'0';'0';'0';'0';'0';'0';'0';'0';'0';'0';'0';'0';'0';'0';'33';'0';'0';'0';'0';''
'1';'402653193';'Power Callipers';'0';'0';'item0_09';'0';'0';'0';'1900';'0';'0';'1';'1';'0';'0';'0';'0';'0';'0';'0';'0';'0';'0';'0';'0';'0';'0';'0';'0';'0';'0';'0';'10';'0';'0';'0';'0';'0';''
'1';'402653194';'Dual Lucky Pangya';'0';'0';'item0_10';'0';'0';'0';'2900';'0';'0';'1';'1';'0';'0';'0';'0';'0';'0';'0';'0';'0';'0';'0';'0';'0';'0';'0';'0';'0';'0';'0';'10';'0';'0';'0';'0';'0';''
'1';'402653195';'Dual Tranquillizer';'0';'0';'item0_11';'0';'0';'0';'2900';'0';'0';'1';'33';'0';'0';'0';'0';'0';'0';'0';'0';'0';'0';'0';'0';'0';'0';'0';'0';'0';'0';'0';'10';'0';'0';'0';'0';'0';''
'1';'402653196';'Power stabilizer';'0';'0';'item0_12';'0';'0';'0';'100000';'0';'0';'0';'0';'0';'0';'0';'0';'0';'0';'0';'0';'0';'0';'0';'0';'0';'0';'0';'0';'0';'0';'0';'0';'0';'0';'0';'0';'0';''
'1';'402653197';'Question Mark';'0';'0';'item0_13';'0';'0';'0';'100000';'0';'0';'0';'0';'0';'0';'0';'0';'0';'0';'0';'0';'0';'0';'0';'0';'0';'0';'0';'0';'0';'0';'0';'0';'0';'0';'0';'0';'0';''
'1';'402653198';'Oblivion Flower';'0';'0';'item0_14';'0';'0';'0';'2900';'0';'0';'1';'1';'0';'0';'0';'0';'0';'0';'0';'0';'0';'0';'0';'0';'0';'0';'0';'0';'0';'0';'0';'10';'0';'0';'0';'0';'0';''
'1';'402653199';'Afro Pill';'0';'0';'item0_15';'0';'0';'0';'2890';'0';'0';'1';'0';'0';'0';'0';'0';'0';'0';'0';'0';'0';'0';'0';'0';'0';'0';'0';'0';'0';'0';'0';'10';'0';'0';'0';'0';'0';''
'1';'402653200';'Strength Tranquilizer';'0';'0';'item0_16';'0';'0';'0';'3900';'0';'0';'1';'0';'0';'0';'0';'0';'0';'0';'0';'0';'0';'0';'0';'0';'0';'0';'0';'0';'0';'0';'0';'10';'0';'0';'0';'0';'0';''
'1';'402653201';'Spin Tranquilizer';'0';'0';'item0_17';'0';'0';'0';'3900';'0';'0';'1';'0';'0';'0';'0';'0';'0';'0';'0';'0';'0';'0';'0';'0';'0';'0';'0';'0';'0';'0';'0';'10';'0';'0';'0';'0';'0';''
'1';'402653202';'Lucky Tranquilizer';'0';'0';'item0_18';'0';'0';'0';'3900';'0';'0';'1';'0';'0';'0';'0';'0';'0';'0';'0';'0';'0';'0';'0';'0';'0';'0';'0';'0';'0';'0';'0';'10';'0';'0';'0';'0';'0';''
'0';'402653203';'Course Spell';'0';'0';'item0_19';'0';'0';'0';'2900';'0';'0';'1';'0';'0';'0';'0';'0';'0';'0';'0';'0';'0';'0';'0';'0';'0';'0';'0';'0';'0';'0';'0';'10';'0';'0';'0';'0';'0';''
'0';'402653204';'Tomahark Spell';'0';'0';'item0_20';'0';'0';'0';'2900';'0';'0';'1';'0';'0';'0';'0';'0';'0';'0';'0';'0';'0';'0';'0';'0';'0';'0';'0';'0';'0';'0';'0';'10';'0';'0';'0';'0';'0';''
'0';'402653205';'Cobra Spell';'0';'0';'item0_21';'0';'0';'0';'2900';'0';'0';'1';'0';'0';'0';'0';'0';'0';'0';'0';'0';'0';'0';'0';'0';'0';'0';'0';'0';'0';'0';'0';'10';'0';'0';'0';'0';'0';''
'0';'402653206';'Reward Wind';'0';'0';'item0_22';'0';'0';'0';'2900';'0';'0';'1';'0';'0';'0';'0';'0';'0';'0';'0';'0';'0';'0';'0';'0';'0';'0';'0';'0';'0';'0';'0';'10';'0';'0';'0';'0';'0';''
'0';'402653207';'Wind Change (Attack)';'0';'0';'item0_23';'0';'0';'0';'100';'0';'0';'0';'0';'0';'0';'0';'0';'0';'0';'0';'0';'0';'0';'0';'0';'0';'0';'0';'0';'0';'0';'0';'0';'0';'0';'0';'0';'0';''
'0';'402653208';'Direction Change (Attack)';'0';'0';'item0_24';'0';'0';'0';'100';'0';'0';'0';'0';'0';'0';'0';'0';'0';'0';'0';'0';'0';'0';'0';'0';'0';'0';'0';'0';'0';'0';'0';'0';'0';'0';'0';'0';'0';''
'0';'402653209';'Transparent grid (Attack)';'0';'0';'item0_25';'0';'0';'0';'100';'0';'0';'0';'0';'0';'0';'0';'0';'0';'0';'0';'0';'0';'0';'0';'0';'0';'0';'0';'0';'0';'0';'0';'0';'0';'0';'0';'0';'0';''
'0';'402653210';'Shield (Defense)';'0';'0';'item0_26';'0';'0';'0';'100';'0';'0';'0';'0';'0';'0';'0';'0';'0';'0';'0';'0';'0';'0';'0';'0';'0';'0';'0';'0';'0';'0';'0';'0';'0';'0';'0';'0';'0';''
'0';'402653211';'Reflection (Defense)';'0';'0';'item0_27';'0';'0';'0';'100';'0';'0';'0';'0';'0';'0';'0';'0';'0';'0';'0';'0';'0';'0';'0';'0';'0';'0';'0';'0';'0';'0';'0';'0';'0';'0';'0';'0';'0';''
'0';'402653212';'Turn Back (Attack)';'0';'0';'item0_28';'0';'0';'0';'100';'0';'0';'0';'3';'0';'0';'0';'0';'0';'0';'0';'0';'0';'0';'0';'0';'0';'0';'0';'0';'0';'0';'0';'0';'0';'0';'0';'0';'0';''
'0';'402653213';'Earthquake (Attack)';'0';'0';'item0_29';'0';'0';'0';'100';'0';'0';'0';'0';'0';'0';'0';'0';'0';'0';'0';'0';'0';'0';'0';'0';'0';'0';'0';'0';'0';'0';'0';'0';'0';'0';'0';'0';'0';''
'0';'402653214';'Distance (Attack)';'0';'0';'item0_30';'0';'0';'0';'100';'0';'0';'0';'0';'0';'0';'0';'0';'0';'0';'0';'0';'0';'0';'0';'0';'0';'0';'0';'0';'0';'0';'0';'0';'0';'0';'0';'0';'0';''
'1';'402653215';'Fork';'0';'0';'item0_31';'0';'0';'0';'0';'0';'0';'1';'0';'0';'0';'0';'0';'0';'0';'0';'0';'0';'0';'0';'0';'0';'0';'0';'0';'0';'0';'0';'10';'0';'0';'0';'0';'0';''
'1';'402653216';'Tissue';'0';'0';'item0_32';'0';'0';'0';'0';'0';'0';'1';'0';'0';'0';'0';'0';'0';'0';'0';'0';'0';'0';'0';'0';'0';'0';'0';'0';'0';'0';'0';'10';'0';'0';'0';'0';'0';''
'0';'402653217';'Duostar Shamrock Pangya(USA)';'0';'0';'item0_33';'0';'0';'0';'25';'0';'0';'1';'0';'0';'0';'0';'0';'0';'0';'0';'0';'0';'0';'0';'0';'0';'0';'0';'0';'0';'0';'0';'10';'0';'0';'0';'0';'0';''
'1';'402653218';'Strawberry cake';'0';'0';'item0_34';'0';'0';'0';'10000000';'0';'0';'2';'0';'0';'0';'0';'0';'0';'0';'0';'0';'0';'0';'0';'0';'0';'0';'0';'0';'0';'0';'0';'0';'0';'0';'0';'0';'0';''
'0';'402653219';'Duo Lucky Pangya(PH)';'0';'0';'item0_10';'0';'0';'0';'1000';'0';'0';'1';'0';'0';'0';'0';'0';'0';'0';'0';'0';'0';'0';'0';'0';'0';'0';'0';'0';'0';'0';'0';'15';'0';'0';'0';'0';'0';''
'0';'402653220';'Duo Nervine Type(PH)';'0';'0';'item0_11';'0';'0';'0';'1000';'0';'0';'1';'0';'0';'0';'0';'0';'0';'0';'0';'0';'0';'0';'0';'0';'0';'0';'0';'0';'0';'0';'0';'15';'0';'0';'0';'0';'0';''
'1';'402653221';'P. Strength Boost';'0';'0';'item0_37';'0';'0';'0';'10000000';'0';'0';'2';'0';'0';'0';'0';'0';'0';'0';'0';'0';'0';'0';'0';'0';'0';'0';'0';'0';'0';'0';'0';'0';'0';'0';'0';'0';'0';''
'0';'402653222';'?? ???2(CN)';'0';'0';'item0_15';'0';'0';'0';'9';'0';'0';'1';'0';'0';'0';'0';'0';'0';'0';'0';'0';'0';'0';'0';'0';'0';'0';'0';'0';'0';'0';'0';'10';'0';'0';'0';'0';'0';''
'1';'402653223';'Double Strength Boost';'0';'0';'item0_39';'0';'0';'0';'2900';'0';'0';'1';'17';'0';'0';'0';'0';'0';'0';'0';'0';'0';'0';'0';'0';'0';'0';'0';'0';'0';'0';'0';'100';'0';'0';'0';'0';'0';''
'1';'402653224';'Safe Tee';'0';'0';'item0_40';'0';'0';'0';'2900';'0';'0';'1';'17';'0';'0';'0';'0';'0';'0';'0';'0';'0';'0';'0';'0';'0';'0';'0';'0';'0';'0';'0';'10';'0';'0';'0';'0';'0';''
'1';'402653312';'Silent Wind';'0';'0';'item0_06';'0';'0';'0';'5800';'0';'0';'1';'0';'0';'0';'0';'0';'0';'0';'0';'0';'0';'0';'0';'0';'0';'0';'0';'0';'0';'0';'0';'22';'0';'0';'0';'0';'0';''
'1';'402653313';'Silent Wind';'0';'0';'item0_06';'0';'0';'0';'14500';'0';'0';'1';'0';'0';'0';'0';'0';'0';'0';'0';'0';'0';'0';'0';'0';'0';'0';'0';'0';'0';'0';'0';'60';'0';'0';'0';'0';'0';''
'1';'402653314';'Spin Mastery';'0';'0';'item0_00';'0';'0';'0';'2400';'0';'0';'0';'0';'0';'0';'0';'0';'0';'0';'0';'0';'0';'0';'0';'0';'0';'0';'0';'0';'0';'0';'0';'20';'0';'0';'0';'0';'0';''
'1';'402653315';'Lucky PangYa';'0';'0';'item0_07';'0';'0';'0';'800';'0';'0';'0';'0';'0';'0';'0';'0';'0';'0';'0';'0';'0';'0';'0';'0';'0';'0';'0';'0';'0';'0';'0';'20';'33';'0';'0';'0';'0';''
'1';'402653316';'Strength Boost';'0';'0';'item0_04';'0';'0';'0';'2600';'0';'0';'0';'0';'0';'0';'0';'0';'0';'0';'0';'0';'0';'0';'0';'0';'0';'0';'0';'0';'0';'0';'0';'20';'0';'0';'0';'0';'0';''
'1';'436207616';'Replay Tape';'0';'0';'item1_00';'0';'0';'0';'2000';'0';'0';'1';'0';'0';'0';'0';'0';'0';'0';'0';'0';'0';'0';'0';'0';'0';'0';'0';'0';'0';'0';'0';'10';'0';'0';'0';'0';'0';''
'0';'436207617';'Pang Mastery';'0';'0';'item1_01';'0';'0';'0';'6900';'0';'0';'1';'0';'0';'0';'0';'0';'0';'0';'0';'0';'0';'0';'0';'0';'0';'0';'0';'0';'0';'0';'0';'500';'0';'0';'0';'0';'0';''
'1';'436207618';'Pang Mastery';'0';'0';'item1_02';'0';'0';'0';'6900';'0';'0';'1';'33';'0';'0';'0';'0';'0';'0';'0';'0';'0';'0';'0';'0';'0';'0';'0';'0';'0';'0';'0';'100';'0';'0';'0';'0';'0';''
'0';'436207619';'Change Name';'0';'0';'item1_03';'0';'0';'0';'1500';'0';'0';'1';'0';'0';'0';'0';'0';'0';'0';'0';'0';'0';'0';'0';'0';'0';'0';'0';'0';'0';'0';'0';'1';'0';'0';'0';'0';'0';''
'1';'436207620';'Lucky Bag';'0';'0';'item1_04';'0';'0';'0';'50';'0';'0';'1';'0';'0';'0';'0';'2005';'2';'0';'7';'0';'0';'0';'0';'2005';'2';'0';'15';'23';'59';'59';'0';'1';'0';'0';'0';'0';'0';''
'1';'436207621';'Nitro Pang Mastery';'0';'0';'item1_05';'0';'0';'0';'8900';'0';'0';'1';'0';'0';'0';'0';'0';'0';'0';'0';'0';'0';'0';'0';'0';'0';'0';'0';'0';'0';'0';'0';'100';'0';'0';'0';'0';'0';''
'1';'436207622';'Miracle Necklace';'133';'1';'item1_06';'0';'0';'0';'0';'0';'0';'0';'0';'0';'0';'0';'0';'0';'0';'0';'0';'0';'0';'0';'0';'0';'0';'0';'0';'0';'0';'0';'1';'0';'0';'0';'0';'0';''
'1';'436207623';'Love Chocolate';'0';'0';'item1_07';'0';'0';'0';'1900';'0';'0';'1';'0';'0';'0';'0';'0';'0';'0';'0';'0';'0';'0';'0';'0';'0';'0';'0';'0';'0';'0';'0';'50';'0';'0';'0';'0';'0';''
'1';'436207624';'Justice Chocolate';'0';'0';'item1_08';'0';'0';'0';'1900';'0';'0';'1';'0';'0';'0';'0';'0';'0';'0';'0';'0';'0';'0';'0';'0';'0';'0';'0';'0';'0';'0';'0';'50';'0';'0';'0';'0';'0';''
'1';'436207625';'Lucky Chocolate';'0';'0';'item1_09';'0';'0';'0';'10000000';'0';'0';'0';'0';'0';'0';'0';'0';'0';'0';'0';'0';'0';'0';'0';'0';'0';'0';'0';'0';'0';'0';'0';'10';'0';'0';'0';'0';'0';''
'1';'436207626';'Love Chocolate';'0';'0';'item1_10';'0';'0';'0';'1900';'0';'0';'1';'16';'0';'0';'0';'0';'0';'0';'0';'0';'0';'0';'0';'0';'0';'0';'0';'0';'0';'0';'0';'50';'0';'0';'0';'0';'0';''
'1';'436207627';'Delight Chocolate';'0';'0';'item1_11';'0';'0';'0';'1900';'0';'0';'1';'16';'0';'0';'0';'0';'0';'0';'0';'0';'0';'0';'0';'0';'0';'0';'0';'0';'0';'0';'0';'50';'0';'0';'0';'0';'0';''
'1';'436207628';'Lucky Candy';'0';'0';'item1_12';'0';'0';'0';'10000000';'0';'0';'0';'0';'0';'0';'0';'0';'0';'0';'0';'0';'0';'0';'0';'0';'0';'0';'0';'0';'0';'0';'0';'10';'0';'0';'0';'0';'0';''
'1';'436207629';'Love Candy';'0';'0';'item1_13';'0';'0';'0';'1900';'0';'0';'1';'0';'0';'0';'0';'0';'0';'0';'0';'0';'0';'0';'0';'0';'0';'0';'0';'0';'0';'0';'0';'50';'0';'0';'0';'0';'0';''
'1';'436207630';'Delight Candy';'0';'0';'item1_14';'0';'0';'0';'1900';'0';'0';'1';'0';'0';'0';'0';'0';'0';'0';'0';'0';'0';'0';'0';'0';'0';'0';'0';'0';'0';'0';'0';'50';'0';'0';'0';'0';'0';''
'1';'436207631';'Angel Candy';'133';'1';'item1_15';'0';'0';'0';'100';'0';'0';'0';'0';'0';'0';'0';'0';'0';'0';'0';'0';'0';'0';'0';'0';'0';'0';'0';'0';'0';'0';'0';'10';'0';'0';'0';'0';'0';''
'1';'436207632';'Pang Pocket';'0';'0';'item1_16';'0';'0';'0';'0';'0';'0';'0';'0';'0';'0';'0';'0';'0';'0';'0';'0';'0';'0';'0';'0';'0';'0';'0';'0';'0';'0';'0';'0';'0';'0';'0';'0';'0';''
'1';'436207633';'Time Booster';'0';'0';'item1_17';'0';'0';'0';'2900';'0';'0';'1';'17';'0';'0';'0';'0';'0';'0';'0';'0';'0';'0';'0';'0';'0';'0';'0';'0';'0';'0';'0';'100';'0';'0';'0';'0';'0';''
'1';'436207634';'Pangya Cake';'0';'0';'item1_18';'0';'0';'0';'10000000';'0';'0';'0';'0';'0';'0';'0';'0';'0';'0';'0';'0';'0';'0';'0';'0';'0';'0';'0';'0';'0';'0';'0';'50';'0';'0';'0';'0';'0';''
'0';'436207635';'Moon Cake (TW)';'0';'0';'item1_19';'0';'0';'0';'10000000';'0';'0';'0';'0';'0';'0';'0';'0';'0';'0';'0';'0';'0';'0';'0';'0';'0';'0';'0';'0';'0';'0';'0';'50';'0';'0';'0';'0';'0';''
'1';'436207636';'Halloween Candy';'0';'0';'item1_20';'0';'0';'0';'10000000';'0';'0';'0';'0';'0';'0';'0';'0';'0';'0';'0';'0';'0';'0';'0';'0';'0';'0';'0';'0';'0';'0';'0';'1';'0';'0';'0';'0';'0';''
'1';'436207637';'1000CP Discount (Event)';'0';'0';'item1_21';'0';'0';'0';'10000000';'0';'0';'0';'0';'0';'0';'0';'0';'0';'0';'0';'0';'0';'0';'0';'0';'0';'0';'0';'0';'0';'0';'0';'1';'0';'0';'0';'0';'0';''
'1';'436207638';'2000CP Discount (Event)';'0';'0';'item1_22';'0';'0';'0';'10000000';'0';'0';'0';'0';'0';'0';'0';'0';'0';'0';'0';'0';'0';'0';'0';'0';'0';'0';'0';'0';'0';'0';'0';'1';'0';'0';'0';'0';'0';''
'0';'436207639';'Free Coupon (Event)';'0';'0';'item1_23';'0';'0';'0';'10000000';'0';'0';'0';'0';'0';'0';'0';'0';'0';'0';'0';'0';'0';'0';'0';'0';'0';'0';'0';'0';'0';'0';'0';'1';'0';'0';'0';'0';'0';''
'1';'436207640';'Red Socks';'0';'0';'item1_24';'0';'0';'0';'0';'0';'0';'0';'0';'0';'0';'0';'0';'0';'0';'0';'0';'0';'0';'0';'0';'0';'0';'0';'0';'0';'0';'0';'0';'0';'0';'0';'0';'0';''
'0';'436207641';'Albatross18 Popper(Us)';'0';'0';'item1_25';'0';'0';'0';'120';'0';'0';'1';'0';'0';'0';'0';'0';'0';'0';'0';'0';'0';'0';'0';'0';'0';'0';'0';'0';'0';'0';'0';'1';'0';'0';'0';'0';'0';''
'0';'436207642';'Lucky Popper(Us)';'0';'0';'item1_25';'0';'0';'0';'0';'0';'0';'0';'0';'0';'0';'0';'0';'0';'0';'0';'0';'0';'0';'0';'0';'0';'0';'0';'0';'0';'0';'0';'1';'0';'0';'0';'0';'0';''
'0';'436207643';'Lucky Bag 2006 (JP)';'0';'0';'item1_04';'0';'0';'0';'50';'0';'0';'1';'0';'0';'0';'0';'2006';'1';'0';'1';'0';'0';'0';'0';'2006';'1';'0';'12';'11';'0';'0';'0';'1';'0';'0';'0';'0';'0';''
'0';'436207644';'?';'0';'0';'item1_28';'0';'0';'0';'0';'0';'0';'0';'0';'0';'0';'0';'0';'0';'0';'0';'0';'0';'0';'0';'0';'0';'0';'0';'0';'0';'0';'0';'0';'0';'0';'0';'0';'0';''
'1';'436207645';'1000CP Discount (Gift)';'0';'0';'item1_29';'0';'0';'0';'10000000';'0';'0';'0';'0';'0';'0';'0';'0';'0';'0';'0';'0';'0';'0';'0';'0';'0';'0';'0';'0';'0';'0';'0';'1';'0';'0';'0';'0';'0';''
'1';'436207646';'1000CP Discount (GM)';'0';'0';'item1_30';'0';'0';'0';'10000000';'0';'0';'0';'0';'0';'0';'0';'0';'0';'0';'0';'0';'0';'0';'0';'0';'0';'0';'0';'0';'0';'0';'0';'1';'0';'0';'0';'0';'0';''
'1';'436207647';'ￅ￙ﾡﾡￇￒﾴﾹￒﾧ﾿￩ￒ';'0';'0';'item1_15';'0';'0';'0';'0';'0';'0';'0';'0';'0';'0';'0';'0';'0';'0';'0';'0';'0';'0';'0';'0';'0';'0';'0';'0';'0';'0';'0';'200';'0';'0';'0';'0';'0';''
'1';'436207648';'Half heart (right)';'0';'0';'item1_32';'0';'0';'0';'10000000';'0';'0';'2';'0';'0';'0';'0';'0';'0';'0';'0';'0';'0';'0';'0';'0';'0';'0';'0';'0';'0';'0';'0';'0';'0';'0';'0';'0';'0';''
'1';'436207649';'Good Boy';'0';'0';'item1_33';'0';'0';'0';'10000000';'0';'0';'0';'0';'0';'0';'0';'0';'0';'0';'0';'0';'0';'0';'0';'0';'0';'0';'0';'0';'0';'0';'0';'0';'0';'0';'0';'0';'0';''
'1';'436207650';'Good Girl';'0';'0';'item1_34';'0';'0';'0';'10000000';'0';'0';'0';'0';'0';'0';'0';'0';'0';'0';'0';'0';'0';'0';'0';'0';'0';'0';'0';'0';'0';'0';'0';'0';'0';'0';'0';'0';'0';''
'0';'436207651';'Valentine Item(2)';'0';'0';'item1_35';'0';'0';'0';'10000000';'0';'0';'0';'0';'0';'0';'0';'0';'0';'0';'0';'0';'0';'0';'0';'0';'0';'0';'0';'0';'0';'0';'0';'0';'0';'0';'0';'0';'0';''
'0';'436207652';'Whiteday Item(2)';'0';'0';'item1_36';'0';'0';'0';'10000000';'0';'0';'0';'0';'0';'0';'0';'0';'0';'0';'0';'0';'0';'0';'0';'0';'0';'0';'0';'0';'0';'0';'0';'0';'0';'0';'0';'0';'0';''
'0';'436207653';'Valentine Item(3)';'0';'0';'item1_37';'0';'0';'0';'10000000';'0';'0';'0';'0';'0';'0';'0';'0';'0';'0';'0';'0';'0';'0';'0';'0';'0';'0';'0';'0';'0';'0';'0';'0';'0';'0';'0';'0';'0';''
'0';'436207654';'Whiteday Item(3)';'0';'0';'item1_38';'0';'0';'0';'10000000';'0';'0';'0';'0';'0';'0';'0';'0';'0';'0';'0';'0';'0';'0';'0';'0';'0';'0';'0';'0';'0';'0';'0';'0';'0';'0';'0';'0';'0';''
'1';'436207655';'Half heart (Left)';'0';'0';'item1_31';'0';'0';'0';'10000000';'0';'0';'2';'0';'0';'0';'0';'0';'0';'0';'0';'0';'0';'0';'0';'0';'0';'0';'0';'0';'0';'0';'0';'0';'0';'0';'0';'0';'0';''
'1';'436207656';'Bongdari CP(Event)';'0';'0';'item1_40';'0';'0';'0';'10000000';'0';'0';'0';'0';'0';'0';'0';'0';'0';'0';'0';'0';'0';'0';'0';'0';'0';'0';'0';'0';'0';'0';'0';'1';'0';'0';'0';'0';'0';''
'1';'436207657';'Bongdari CP(Gift)';'0';'0';'item1_41';'0';'0';'0';'10000000';'0';'0';'0';'0';'0';'0';'0';'0';'0';'0';'0';'0';'0';'0';'0';'0';'0';'0';'0';'0';'0';'0';'0';'1';'0';'0';'0';'0';'0';''
'1';'436207658';'Bongdari CP(GM)';'0';'0';'item1_42';'0';'0';'0';'10000000';'0';'0';'0';'0';'0';'0';'0';'0';'0';'0';'0';'0';'0';'0';'0';'0';'0';'0';'0';'0';'0';'0';'0';'1';'0';'0';'0';'0';'0';''
'1';'436207659';'2000CP Discount (Gift)';'0';'0';'item1_43';'0';'0';'0';'10000000';'0';'0';'0';'0';'0';'0';'0';'0';'0';'0';'0';'0';'0';'0';'0';'0';'0';'0';'0';'0';'0';'0';'0';'1';'0';'0';'0';'0';'0';''
'1';'436207660';'2000CP Discount (GM)';'0';'0';'item1_44';'0';'0';'0';'10000000';'0';'0';'0';'0';'0';'0';'0';'0';'0';'0';'0';'0';'0';'0';'0';'0';'0';'0';'0';'0';'0';'0';'0';'1';'0';'0';'0';'0';'0';''
'0';'436207661';'Free Coupon (Gift)';'0';'0';'item1_45';'0';'0';'0';'10000000';'0';'0';'0';'0';'0';'0';'0';'0';'0';'0';'0';'0';'0';'0';'0';'0';'0';'0';'0';'0';'0';'0';'0';'1';'0';'0';'0';'0';'0';''
'0';'436207662';'Free Coupon (GM)';'0';'0';'item1_46';'0';'0';'0';'10000000';'0';'0';'0';'0';'0';'0';'0';'0';'0';'0';'0';'0';'0';'0';'0';'0';'0';'0';'0';'0';'0';'0';'0';'1';'0';'0';'0';'0';'0';''
'0';'436207663';'PangMastery(PH)';'0';'0';'item1_02';'0';'0';'0';'1000';'0';'0';'1';'0';'0';'0';'0';'0';'0';'0';'0';'0';'0';'0';'0';'0';'0';'0';'0';'0';'0';'0';'0';'150';'0';'0';'0';'0';'0';''
'1';'436207664';'Scratch Card (Gift)';'0';'0';'item1_48';'0';'0';'0';'10000000';'0';'0';'0';'0';'0';'0';'0';'0';'0';'0';'0';'0';'0';'0';'0';'0';'0';'0';'0';'0';'0';'0';'0';'1';'0';'0';'0';'0';'0';''
'1';'436207665';'???????';'0';'0';'item1_49';'0';'0';'0';'0';'0';'0';'0';'0';'0';'0';'0';'0';'0';'0';'0';'0';'0';'0';'0';'0';'0';'0';'0';'0';'0';'0';'0';'1';'0';'0';'0';'0';'0';''
'0';'436207666';'PangMastery Coupon(PH)';'0';'0';'item1_02';'0';'0';'0';'10000000';'0';'0';'1';'0';'0';'0';'0';'0';'0';'0';'0';'0';'0';'0';'0';'0';'0';'0';'0';'0';'0';'0';'0';'18';'0';'0';'0';'0';'0';''
'1';'436207667';'Scratch Card (Event)';'0';'0';'item1_51';'0';'0';'0';'10000000';'0';'0';'0';'0';'0';'0';'0';'0';'0';'0';'0';'0';'0';'0';'0';'0';'0';'0';'0';'0';'0';'0';'0';'1';'0';'0';'0';'0';'0';''
'1';'436207668';'Scratch Card (GM)';'0';'0';'item1_52';'0';'0';'0';'10000000';'0';'0';'0';'0';'0';'0';'0';'0';'0';'0';'0';'0';'0';'0';'0';'0';'0';'0';'0';'0';'0';'0';'0';'1';'0';'0';'0';'0';'0';''
'1';'436207669';'Chestnut';'0';'0';'item1_53';'0';'0';'0';'10000000';'0';'0';'0';'0';'0';'0';'0';'0';'0';'0';'0';'0';'0';'0';'0';'0';'0';'0';'0';'0';'0';'0';'0';'1';'0';'0';'0';'0';'0';''
'1';'436207670';'Culture Gift Coupon';'0';'0';'item1_54';'0';'0';'0';'10000000';'0';'0';'0';'0';'0';'0';'0';'0';'0';'0';'0';'0';'0';'0';'0';'0';'0';'0';'0';'0';'0';'0';'0';'1';'0';'0';'0';'0';'0';''
'0';'436207671';'????(Cn)';'0';'0';'item1_55';'0';'0';'0';'10000000';'0';'0';'1';'0';'0';'0';'0';'0';'0';'0';'0';'0';'0';'0';'0';'0';'0';'0';'0';'0';'0';'0';'0';'1';'0';'0';'0';'0';'0';''
'0';'436207672';'Santa Bag (PH)';'0';'0';'item1_56';'0';'0';'0';'10000000';'0';'0';'1';'0';'0';'0';'0';'0';'0';'0';'0';'0';'0';'0';'0';'0';'0';'0';'0';'0';'0';'0';'0';'1';'0';'0';'0';'0';'0';''
'0';'436207673';'???? 2007(JP)';'0';'0';'item1_57_jp';'0';'0';'0';'50';'0';'0';'1';'0';'0';'0';'0';'2007';'1';'0';'1';'0';'0';'0';'0';'2007';'1';'0';'11';'11';'0';'0';'0';'1';'0';'0';'0';'0';'0';''
'1';'436207674';'50% Discount';'0';'0';'item1_58';'0';'0';'0';'10000000';'0';'0';'0';'0';'0';'0';'0';'0';'0';'0';'0';'0';'0';'0';'0';'0';'0';'0';'0';'0';'0';'0';'0';'1';'0';'0';'0';'0';'0';''
'1';'436207675';'?????';'0';'0';'item1_59';'0';'0';'0';'10000000';'0';'0';'0';'0';'0';'0';'0';'0';'0';'0';'0';'0';'0';'0';'0';'0';'0';'0';'0';'0';'0';'0';'0';'1';'0';'0';'0';'0';'0';''
'1';'436207676';'20% Discount';'0';'0';'item1_60';'0';'0';'0';'10000000';'0';'0';'0';'0';'0';'0';'0';'0';'0';'0';'0';'0';'0';'0';'0';'0';'0';'0';'0';'0';'0';'0';'0';'1';'0';'0';'0';'0';'0';''
'1';'436207677';'Scratch Card Slip';'0';'0';'item1_61';'0';'0';'0';'10000000';'0';'0';'0';'0';'0';'0';'0';'0';'0';'0';'0';'0';'0';'0';'0';'0';'0';'0';'0';'0';'0';'0';'0';'1';'0';'0';'0';'0';'0';''
'0';'436207678';'3????????';'0';'0';'item1_62';'0';'0';'0';'10000000';'0';'0';'0';'0';'0';'0';'0';'0';'0';'0';'0';'0';'0';'0';'0';'0';'0';'0';'0';'0';'0';'0';'0';'1';'0';'0';'0';'0';'0';''
'0';'436207679';'?????';'0';'0';'item1_63';'0';'0';'0';'10000000';'0';'0';'0';'0';'0';'0';'0';'0';'0';'0';'0';'0';'0';'0';'0';'0';'0';'0';'0';'0';'0';'0';'0';'1';'0';'0';'0';'0';'0';''
'1';'436207680';'Auto Calipers';'0';'0';'item1_64';'0';'0';'0';'900';'0';'0';'1';'17';'0';'0';'0';'0';'0';'0';'0';'0';'0';'0';'0';'0';'0';'0';'0';'0';'0';'0';'0';'200';'0';'0';'0';'0';'0';''
'1';'436207681';'Tiki Report Paper';'6';'0';'item1_65';'0';'0';'0';'300';'0';'0';'2';'19';'0';'0';'0';'0';'0';'0';'0';'0';'0';'0';'0';'0';'0';'0';'0';'0';'0';'0';'0';'1';'0';'0';'0';'0';'0';''
'1';'436207682';'Tiki Report';'0';'0';'item1_65';'0';'0';'0';'10000000';'0';'0';'0';'0';'0';'0';'0';'0';'0';'0';'0';'0';'0';'0';'0';'0';'0';'0';'0';'0';'0';'0';'0';'1';'0';'0';'0';'0';'0';''
'0';'436207683';'??? ???? ??(old)';'0';'0';'item1_00';'0';'0';'0';'10000000';'0';'0';'0';'0';'0';'0';'0';'0';'0';'0';'0';'0';'0';'0';'0';'0';'0';'0';'0';'0';'0';'0';'0';'1';'0';'0';'0';'0';'0';''
'1';'436207684';'Blue Crystal';'0';'0';'item1_68';'0';'0';'0';'10000000';'0';'0';'0';'0';'0';'0';'0';'0';'0';'0';'0';'0';'0';'0';'0';'0';'0';'0';'0';'0';'0';'0';'0';'1';'0';'0';'0';'0';'0';''
'1';'436207685';'Pink Crystal';'0';'0';'item1_69';'0';'0';'0';'10000000';'0';'0';'0';'0';'0';'0';'0';'0';'0';'0';'0';'0';'0';'0';'0';'0';'0';'0';'0';'0';'0';'0';'0';'1';'0';'0';'0';'0';'0';''
'1';'436207686';'White Crystal';'0';'0';'item1_70';'0';'0';'0';'10000000';'0';'0';'0';'0';'0';'0';'0';'0';'0';'0';'0';'0';'0';'0';'0';'0';'0';'0';'0';'0';'0';'0';'0';'1';'0';'0';'0';'0';'0';''
'1';'436207687';'Yellow Crystal';'0';'0';'item1_71';'0';'0';'0';'10000000';'0';'0';'0';'0';'0';'0';'0';'0';'0';'0';'0';'0';'0';'0';'0';'0';'0';'0';'0';'0';'0';'0';'0';'1';'0';'0';'0';'0';'0';''
'0';'436207688';'???????';'0';'0';'item1_72';'0';'0';'0';'10000000';'0';'0';'0';'0';'0';'0';'0';'0';'0';'0';'0';'0';'0';'0';'0';'0';'0';'0';'0';'0';'0';'0';'0';'1';'0';'0';'0';'0';'0';''
'1';'436207689';'ﾡￅ￨ￍﾧￊ￩￁';'0';'0';'item1_73';'0';'0';'0';'10000000';'0';'0';'0';'0';'0';'0';'0';'0';'0';'0';'0';'0';'0';'0';'0';'0';'0';'0';'0';'0';'0';'0';'0';'1';'0';'0';'0';'0';'0';''
'1';'436207690';'ﾡￅ￨ￍﾧￊﾵￍ￠ﾺￍￃ￬ￃￕ￨';'0';'0';'item1_74';'0';'0';'0';'10000000';'0';'0';'0';'0';'0';'0';'0';'0';'0';'0';'0';'0';'0';'0';'0';'0';'0';'0';'0';'0';'0';'0';'0';'1';'0';'0';'0';'0';'0';''
'1';'436207691';'ﾡￅ￨ￍﾧﾡￕￇￕ';'0';'0';'item1_75';'0';'0';'0';'10000000';'0';'0';'0';'0';'0';'0';'0';'0';'0';'0';'0';'0';'0';'0';'0';'0';'0';'0';'0';'0';'0';'0';'0';'1';'0';'0';'0';'0';'0';''
'1';'436207692';'ﾡￅ￨ￍﾧￍﾧ￘￨ﾹ';'0';'0';'item1_76';'0';'0';'0';'10000000';'0';'0';'0';'0';'0';'0';'0';'0';'0';'0';'0';'0';'0';'0';'0';'0';'0';'0';'0';'0';'0';'0';'0';'1';'0';'0';'0';'0';'0';''
'0';'436207693';'3?????????';'0';'0';'item1_77_jp';'0';'0';'0';'10';'0';'0';'1';'0';'0';'0';'0';'0';'0';'0';'0';'0';'0';'0';'0';'0';'0';'0';'0';'0';'0';'0';'0';'1';'0';'0';'0';'0';'0';''
'0';'436207694';'???';'0';'0';'item1_78';'0';'0';'0';'10000000';'0';'0';'0';'0';'0';'0';'0';'0';'0';'0';'0';'0';'0';'0';'0';'0';'0';'0';'0';'0';'0';'0';'0';'1';'0';'0';'0';'0';'0';''
'1';'436207695';'Replay Tape';'0';'0';'item1_00';'0';'0';'0';'2000';'0';'0';'1';'17';'0';'0';'0';'0';'0';'0';'0';'0';'0';'0';'0';'0';'0';'0';'0';'0';'0';'0';'0';'10';'0';'0';'0';'0';'0';''
'1';'436207696';'Recorded Tape';'0';'0';'item1_00';'0';'0';'0';'10000000';'0';'0';'0';'0';'0';'0';'0';'0';'0';'0';'0';'0';'0';'0';'0';'0';'0';'0';'0';'0';'0';'0';'0';'1';'0';'0';'0';'0';'0';''
'0';'436207697';'????? ???????';'0';'0';'item1_81';'0';'0';'0';'10000000';'0';'0';'6';'0';'0';'0';'0';'0';'0';'0';'0';'0';'0';'0';'0';'0';'0';'0';'0';'0';'0';'0';'0';'1';'0';'0';'0';'0';'0';''
'1';'436207698';'????? ????';'0';'0';'item1_82';'0';'0';'0';'10000000';'0';'0';'0';'0';'0';'0';'0';'0';'0';'0';'0';'0';'0';'0';'0';'0';'0';'0';'0';'0';'0';'0';'0';'1';'0';'0';'0';'0';'0';''
'0';'436207699';'???????????';'0';'0';'item1_83';'0';'0';'0';'10000000';'0';'0';'0';'0';'0';'0';'0';'0';'0';'0';'0';'0';'0';'0';'0';'0';'0';'0';'0';'0';'0';'0';'0';'1';'0';'0';'0';'0';'0';''
'0';'436207700';'????';'0';'0';'item1_84';'0';'0';'0';'10000000';'0';'0';'0';'0';'0';'0';'0';'0';'0';'0';'0';'0';'0';'0';'0';'0';'0';'0';'0';'0';'0';'0';'0';'1';'0';'0';'0';'0';'0';''
'1';'436207707';'Box of Spring';'0';'0';'item1_91';'0';'0';'0';'10000000';'0';'0';'0';'0';'0';'0';'0';'0';'0';'0';'0';'0';'0';'0';'0';'0';'0';'0';'0';'0';'0';'0';'0';'1';'0';'0';'0';'0';'0';''
'1';'436207708';'Box of Summer';'0';'0';'item1_92';'0';'0';'0';'10000000';'0';'0';'0';'0';'0';'0';'0';'0';'0';'0';'0';'0';'0';'0';'0';'0';'0';'0';'0';'0';'0';'0';'0';'1';'0';'0';'0';'0';'0';''
'1';'436207709';'Box of Autumn';'0';'0';'item1_93';'0';'0';'0';'10000000';'0';'0';'0';'0';'0';'0';'0';'0';'0';'0';'0';'0';'0';'0';'0';'0';'0';'0';'0';'0';'0';'0';'0';'1';'0';'0';'0';'0';'0';''
'1';'436207710';'Box of Winter';'0';'0';'item1_94';'0';'0';'0';'10000000';'0';'0';'0';'0';'0';'0';'0';'0';'0';'0';'0';'0';'0';'0';'0';'0';'0';'0';'0';'0';'0';'0';'0';'1';'0';'0';'0';'0';'0';''
'1';'436207712';'Miracle Stone';'0';'0';'item1_96';'0';'0';'0';'10000000';'0';'0';'0';'0';'0';'0';'0';'0';'0';'0';'0';'0';'0';'0';'0';'0';'0';'0';'0';'0';'0';'0';'0';'1';'0';'0';'0';'0';'0';''
'0';'436207715';'????? ???';'0';'0';'item1_99';'0';'0';'0';'10000000';'0';'0';'0';'0';'0';'0';'0';'0';'0';'0';'0';'0';'0';'0';'0';'0';'0';'0';'0';'0';'0';'0';'0';'1';'0';'0';'0';'0';'0';''
'0';'436207716';'??? ???? ???';'0';'0';'item1_100';'0';'0';'0';'10000000';'0';'0';'0';'0';'0';'0';'0';'0';'0';'0';'0';'0';'0';'0';'0';'0';'0';'0';'0';'0';'0';'0';'0';'1';'0';'0';'0';'0';'0';''
'0';'436207717';'??? ???? ???';'0';'0';'item1_100';'0';'0';'0';'10000000';'0';'0';'0';'0';'0';'0';'0';'0';'0';'0';'0';'0';'0';'0';'0';'0';'0';'0';'0';'0';'0';'0';'0';'1';'0';'0';'0';'0';'0';''
'0';'436207718';'???? ?(??) ???';'0';'0';'item1_100';'0';'0';'0';'10000000';'0';'0';'0';'0';'0';'0';'0';'0';'0';'0';'0';'0';'0';'0';'0';'0';'0';'0';'0';'0';'0';'0';'0';'1';'0';'0';'0';'0';'0';''
'0';'436207719';'???? ?(??) ???';'0';'0';'item1_100';'0';'0';'0';'10000000';'0';'0';'0';'0';'0';'0';'0';'0';'0';'0';'0';'0';'0';'0';'0';'0';'0';'0';'0';'0';'0';'0';'0';'1';'0';'0';'0';'0';'0';''
'0';'436207720';'???? ?(??) ???';'0';'0';'item1_100';'0';'0';'0';'10000000';'0';'0';'0';'0';'0';'0';'0';'0';'0';'0';'0';'0';'0';'0';'0';'0';'0';'0';'0';'0';'0';'0';'0';'1';'0';'0';'0';'0';'0';''
'0';'436207721';'???? ?(????) ???';'0';'0';'item1_100';'0';'0';'0';'10000000';'0';'0';'0';'0';'0';'0';'0';'0';'0';'0';'0';'0';'0';'0';'0';'0';'0';'0';'0';'0';'0';'0';'0';'1';'0';'0';'0';'0';'0';''
'0';'436207722';'???? ?(??) ???';'0';'0';'item1_100';'0';'0';'0';'10000000';'0';'0';'0';'0';'0';'0';'0';'0';'0';'0';'0';'0';'0';'0';'0';'0';'0';'0';'0';'0';'0';'0';'0';'1';'0';'0';'0';'0';'0';''
'0';'436207723';'???? ?(?) ???';'0';'0';'item1_100';'0';'0';'0';'10000000';'0';'0';'0';'0';'0';'0';'0';'0';'0';'0';'0';'0';'0';'0';'0';'0';'0';'0';'0';'0';'0';'0';'0';'1';'0';'0';'0';'0';'0';''
'0';'436207724';'???? ?(??) ???';'0';'0';'item1_100';'0';'0';'0';'10000000';'0';'0';'0';'0';'0';'0';'0';'0';'0';'0';'0';'0';'0';'0';'0';'0';'0';'0';'0';'0';'0';'0';'0';'1';'0';'0';'0';'0';'0';''
'0';'436207725';'???? ?(??) ???';'0';'0';'item1_100';'0';'0';'0';'10000000';'0';'0';'0';'0';'0';'0';'0';'0';'0';'0';'0';'0';'0';'0';'0';'0';'0';'0';'0';'0';'0';'0';'0';'1';'0';'0';'0';'0';'0';''
'0';'436207726';'??? ??(??) ???';'0';'0';'item1_100';'0';'0';'0';'10000000';'0';'0';'0';'0';'0';'0';'0';'0';'0';'0';'0';'0';'0';'0';'0';'0';'0';'0';'0';'0';'0';'0';'0';'1';'0';'0';'0';'0';'0';''
'0';'436207727';'??? ??(??) ???';'0';'0';'item1_100';'0';'0';'0';'10000000';'0';'0';'0';'0';'0';'0';'0';'0';'0';'0';'0';'0';'0';'0';'0';'0';'0';'0';'0';'0';'0';'0';'0';'1';'0';'0';'0';'0';'0';''
'0';'436207728';'??? ??(??) ???';'0';'0';'item1_100';'0';'0';'0';'10000000';'0';'0';'0';'0';'0';'0';'0';'0';'0';'0';'0';'0';'0';'0';'0';'0';'0';'0';'0';'0';'0';'0';'0';'1';'0';'0';'0';'0';'0';''
'0';'436207729';'??? ??(????) ???';'0';'0';'item1_100';'0';'0';'0';'10000000';'0';'0';'0';'0';'0';'0';'0';'0';'0';'0';'0';'0';'0';'0';'0';'0';'0';'0';'0';'0';'0';'0';'0';'1';'0';'0';'0';'0';'0';''
'0';'436207730';'??? ??(??) ???';'0';'0';'item1_100';'0';'0';'0';'10000000';'0';'0';'0';'0';'0';'0';'0';'0';'0';'0';'0';'0';'0';'0';'0';'0';'0';'0';'0';'0';'0';'0';'0';'1';'0';'0';'0';'0';'0';''
'0';'436207731';'??? ??(?) ???';'0';'0';'item1_100';'0';'0';'0';'10000000';'0';'0';'0';'0';'0';'0';'0';'0';'0';'0';'0';'0';'0';'0';'0';'0';'0';'0';'0';'0';'0';'0';'0';'1';'0';'0';'0';'0';'0';''
'0';'436207732';'??? ??(??) ???';'0';'0';'item1_100';'0';'0';'0';'10000000';'0';'0';'0';'0';'0';'0';'0';'0';'0';'0';'0';'0';'0';'0';'0';'0';'0';'0';'0';'0';'0';'0';'0';'1';'0';'0';'0';'0';'0';''
'0';'436207733';'??? ??(??) ???';'0';'0';'item1_100';'0';'0';'0';'10000000';'0';'0';'0';'0';'0';'0';'0';'0';'0';'0';'0';'0';'0';'0';'0';'0';'0';'0';'0';'0';'0';'0';'0';'1';'0';'0';'0';'0';'0';''
'1';'436207744';'Pang Mastery';'0';'0';'item1_02';'0';'0';'0';'13800';'13800';'0';'0';'0';'0';'0';'0';'0';'0';'0';'0';'0';'0';'0';'0';'0';'0';'0';'0';'0';'0';'0';'0';'220';'0';'0';'0';'0';'0';''
'1';'436207745';'Pang Mastery';'0';'0';'item1_02';'0';'0';'0';'41400';'34500';'0';'0';'0';'0';'0';'0';'0';'0';'0';'0';'0';'0';'0';'0';'0';'0';'0';'0';'0';'0';'0';'0';'600';'0';'0';'0';'0';'0';''
'0';'436207746';'???????';'0';'0';'item1_130';'0';'0';'0';'200';'0';'0';'1';'0';'0';'0';'0';'0';'0';'0';'0';'0';'0';'0';'0';'0';'0';'0';'0';'0';'0';'0';'0';'11';'0';'0';'0';'0';'0';''
'0';'436207747';'???????';'0';'0';'item1_131';'0';'0';'0';'10000000';'0';'0';'0';'0';'0';'0';'0';'0';'0';'0';'0';'0';'0';'0';'0';'0';'0';'0';'0';'0';'0';'0';'0';'1';'0';'0';'0';'0';'0';''
'0';'436207748';'??????(JP)';'0';'0';'item1_132';'0';'0';'0';'24';'0';'0';'1';'0';'0';'0';'0';'0';'0';'0';'0';'0';'0';'0';'0';'0';'0';'0';'0';'0';'0';'0';'0';'100';'0';'0';'0';'0';'0';''
'0';'436207750';'?? ?? ????(JP)';'0';'0';'item1_134';'0';'0';'0';'10000000';'0';'0';'0';'0';'0';'0';'0';'0';'0';'0';'0';'0';'0';'0';'0';'0';'0';'0';'0';'0';'0';'0';'0';'200';'0';'0';'0';'0';'0';''
'0';'436207751';'????? 1?(TW)';'0';'0';'item1_128';'0';'0';'0';'25';'0';'0';'1';'32';'0';'0';'0';'0';'0';'0';'0';'0';'0';'0';'0';'0';'0';'0';'0';'0';'0';'0';'0';'1';'0';'0';'0';'0';'0';''
'0';'436207752';'????? 5?(TW)';'0';'0';'item1_129';'0';'0';'0';'100';'0';'0';'1';'32';'0';'0';'0';'0';'0';'0';'0';'0';'0';'0';'0';'0';'0';'0';'0';'0';'0';'0';'0';'5';'0';'0';'0';'0';'0';''
'0';'436207753';'????? 11?(TW)';'0';'0';'item1_130';'0';'0';'0';'200';'0';'0';'1';'32';'0';'0';'0';'0';'0';'0';'0';'0';'0';'0';'0';'0';'0';'0';'0';'0';'0';'0';'0';'11';'0';'0';'0';'0';'0';''
'0';'436207754';'???????(TW)';'0';'0';'item1_131';'0';'0';'0';'10000000';'0';'0';'0';'0';'0';'0';'0';'0';'0';'0';'0';'0';'0';'0';'0';'0';'0';'0';'0';'0';'0';'0';'0';'1';'0';'0';'0';'0';'0';''
'1';'436207755';'5000CP Discount(Gift)';'0';'0';'item1_139';'0';'0';'0';'10000000';'0';'0';'1';'0';'0';'0';'0';'0';'0';'0';'0';'0';'0';'0';'0';'0';'0';'0';'0';'0';'0';'0';'0';'1';'0';'0';'0';'0';'0';''
'1';'436207756';'5000CP Discount(Event)';'0';'0';'item1_140';'0';'0';'0';'10000000';'0';'0';'1';'0';'0';'0';'0';'0';'0';'0';'0';'0';'0';'0';'0';'0';'0';'0';'0';'0';'0';'0';'0';'1';'0';'0';'0';'0';'0';''
'1';'436207757';'5000CP Discount(GM)';'0';'0';'item1_141';'0';'0';'0';'10000000';'0';'0';'1';'0';'0';'0';'0';'0';'0';'0';'0';'0';'0';'0';'0';'0';'0';'0';'0';'0';'0';'0';'0';'1';'0';'0';'0';'0';'0';''
'0';'436207758';'100Cookie Discount(TW)';'0';'0';'item1_142';'0';'0';'0';'10000000';'0';'0';'1';'0';'0';'0';'0';'0';'0';'0';'0';'0';'0';'0';'0';'0';'0';'0';'0';'0';'0';'0';'0';'1';'0';'0';'0';'0';'0';''
'0';'436207759';'500Cookie Discount(TW)';'0';'0';'item1_143';'0';'0';'0';'10000000';'0';'0';'1';'0';'0';'0';'0';'0';'0';'0';'0';'0';'0';'0';'0';'0';'0';'0';'0';'0';'0';'0';'0';'1';'0';'0';'0';'0';'0';''
'0';'436207760';'Thanksgiving Event(USA)';'0';'0';'item1_144';'0';'0';'0';'10000000';'0';'0';'1';'0';'0';'0';'0';'0';'0';'0';'0';'0';'0';'0';'0';'0';'0';'0';'0';'0';'0';'0';'0';'1';'0';'0';'0';'0';'0';''
'0';'436207761';'10000Cookie Discount(TW)';'0';'0';'item1_145';'0';'0';'0';'10000000';'0';'0';'1';'0';'0';'0';'0';'0';'0';'0';'0';'0';'0';'0';'0';'0';'0';'0';'0';'0';'0';'0';'0';'1';'0';'0';'0';'0';'0';''
'0';'436207762';'1Year Anniversary Cake(USA)';'0';'0';'item1_146';'0';'0';'0';'10000000';'0';'0';'1';'0';'0';'0';'0';'0';'0';'0';'0';'0';'0';'0';'0';'0';'0';'0';'0';'0';'0';'0';'0';'1';'0';'0';'0';'0';'0';''
'0';'436207763';'????(cn)';'0';'0';'item1_147';'0';'0';'0';'10000000';'0';'0';'0';'0';'0';'0';'0';'0';'0';'0';'0';'0';'0';'0';'0';'0';'0';'0';'0';'0';'0';'0';'0';'1';'0';'0';'0';'0';'0';''
'0';'436207764';'??? 1?(cn)';'0';'0';'item1_148';'0';'0';'0';'150';'0';'0';'1';'0';'0';'0';'0';'0';'0';'0';'0';'0';'0';'0';'0';'0';'0';'0';'0';'0';'0';'0';'0';'1';'0';'0';'0';'0';'0';''
'0';'436207765';'???(cn)';'0';'0';'item1_149';'0';'0';'0';'10000000';'0';'0';'0';'0';'0';'0';'0';'0';'0';'0';'0';'0';'0';'0';'0';'0';'0';'0';'0';'0';'0';'0';'0';'1';'0';'0';'0';'0';'0';''
'0';'436207766';'??? 5?(cn)';'0';'0';'item1_150';'0';'0';'0';'700';'0';'0';'1';'0';'0';'0';'0';'0';'0';'0';'0';'0';'0';'0';'0';'0';'0';'0';'0';'0';'0';'0';'0';'5';'0';'0';'0';'0';'0';''
'0';'436207767';'??? 10?(cn)';'0';'0';'item1_151';'0';'0';'0';'1300';'0';'0';'1';'0';'0';'0';'0';'0';'0';'0';'0';'0';'0';'0';'0';'0';'0';'0';'0';'0';'0';'0';'0';'11';'0';'0';'0';'0';'0';''
'0';'436207768';'Moon Cake (Cn)';'0';'0';'item1_19';'0';'0';'0';'10000000';'0';'0';'0';'0';'0';'0';'0';'0';'0';'0';'0';'0';'0';'0';'0';'0';'0';'0';'0';'0';'0';'0';'0';'20';'0';'0';'0';'0';'0';''
'0';'436207769';'Love Chocolate(USA)';'0';'0';'item1_153';'0';'0';'0';'98';'0';'0';'1';'0';'0';'0';'0';'0';'0';'0';'0';'0';'0';'0';'0';'0';'0';'0';'0';'0';'0';'0';'0';'50';'0';'0';'0';'0';'0';''
'0';'436207770';'Easter Egg(USA)';'0';'0';'item1_154';'0';'0';'0';'10000000';'0';'0';'0';'0';'0';'0';'0';'0';'0';'0';'0';'0';'0';'0';'0';'0';'0';'0';'0';'0';'0';'0';'0';'1';'0';'0';'0';'0';'0';''
'0';'436207771';'National Day 2007 (Sg)';'0';'0';'item1_155';'0';'0';'0';'10000000';'0';'0';'0';'0';'0';'0';'0';'0';'0';'0';'0';'0';'0';'0';'0';'0';'0';'0';'0';'0';'0';'0';'0';'1';'0';'0';'0';'0';'0';''
'0';'436207772';'Kerupuk(ID)';'0';'0';'item1_156';'0';'0';'0';'10000000';'0';'0';'0';'0';'0';'0';'0';'0';'0';'0';'0';'0';'0';'0';'0';'0';'0';'0';'0';'0';'0';'0';'0';'10';'0';'0';'0';'0';'0';''
'0';'436207773';'????(Cn)';'0';'0';'item1_157';'0';'0';'0';'10000000';'0';'0';'0';'0';'0';'0';'0';'0';'0';'0';'0';'0';'0';'0';'0';'0';'0';'0';'0';'0';'0';'0';'0';'1';'0';'0';'0';'0';'0';''
'0';'436207774';'????(USA)';'0';'0';'item1_158';'0';'0';'0';'10000000';'0';'0';'0';'0';'0';'0';'0';'0';'0';'0';'0';'0';'0';'0';'0';'0';'0';'0';'0';'0';'0';'0';'0';'1';'0';'0';'0';'0';'0';''
'0';'436207775';'20 Astros Coupon (USA)';'0';'0';'item1_21';'0';'0';'0';'10000000';'0';'0';'0';'0';'0';'0';'0';'0';'0';'0';'0';'0';'0';'0';'0';'0';'0';'0';'0';'0';'0';'0';'0';'1';'0';'0';'0';'0';'0';''
'0';'436207776';'? ?? 5?? ????(EU)';'0';'0';'item1_160';'0';'0';'0';'10000000';'0';'0';'1';'0';'0';'0';'0';'0';'0';'0';'0';'0';'0';'0';'0';'0';'0';'0';'0';'0';'0';'0';'0';'0';'0';'0';'0';'0';'0';''
'0';'436207777';'? ?? 10?? ????(EU)';'0';'0';'item1_161';'0';'0';'0';'10000000';'0';'0';'1';'0';'0';'0';'0';'0';'0';'0';'0';'0';'0';'0';'0';'0';'0';'0';'0';'0';'0';'0';'0';'0';'0';'0';'0';'0';'0';''
'1';'436207780';'ﾡￃ￐ﾷﾧ';'0';'0';'item1_164';'0';'0';'0';'10000000';'0';'0';'0';'0';'0';'0';'0';'0';'0';'0';'0';'0';'0';'0';'0';'0';'0';'0';'0';'0';'0';'0';'0';'1';'0';'0';'0';'0';'0';''
'1';'436207781';'Golden Egg';'0';'0';'item1_165';'0';'0';'0';'10000000';'0';'0';'0';'0';'0';'0';'0';'0';'0';'0';'0';'0';'0';'0';'0';'0';'0';'0';'0';'0';'0';'0';'0';'1';'0';'0';'0';'0';'0';''
'1';'436207785';'Kooh Birthday Box';'0';'0';'item1_73';'0';'0';'0';'10000000';'0';'0';'6';'0';'0';'0';'0';'0';'0';'0';'0';'0';'0';'0';'0';'0';'0';'0';'0';'0';'0';'0';'0';'1';'0';'0';'0';'0';'0';''
'1';'436207798';'Hana`s Heart';'0';'0';'item1_31';'0';'0';'0';'10000000';'0';'0';'0';'16';'0';'0';'0';'0';'0';'0';'0';'0';'0';'0';'0';'0';'0';'0';'0';'0';'0';'0';'0';'0';'0';'0';'0';'0';'0';''
'1';'436207799';'Cesillia`s Heart';'0';'0';'item1_31';'0';'0';'0';'10000000';'0';'0';'0';'16';'0';'0';'0';'0';'0';'0';'0';'0';'0';'0';'0';'0';'0';'0';'0';'0';'0';'0';'0';'0';'0';'0';'0';'0';'0';''
'1';'436207800';'Kooh`s Heart';'0';'0';'item1_31';'0';'0';'0';'10000000';'0';'0';'0';'16';'0';'0';'0';'0';'0';'0';'0';'0';'0';'0';'0';'0';'0';'0';'0';'0';'0';'0';'0';'0';'0';'0';'0';'0';'0';''
'1';'436207801';'Arin`s Heart';'0';'0';'item1_31';'0';'0';'0';'10000000';'0';'0';'0';'16';'0';'0';'0';'0';'0';'0';'0';'0';'0';'0';'0';'0';'0';'0';'0';'0';'0';'0';'0';'0';'0';'0';'0';'0';'0';''
'1';'436207802';'Lucia`s Heart';'0';'0';'item1_31';'0';'0';'0';'10000000';'0';'0';'0';'16';'0';'0';'0';'0';'0';'0';'0';'0';'0';'0';'0';'0';'0';'0';'0';'0';'0';'0';'0';'0';'0';'0';'0';'0';'0';''
'1';'436207806';'Heart of Nuri';'0';'0';'item1_31';'0';'0';'0';'10000000';'0';'0';'0';'0';'0';'0';'0';'0';'0';'0';'0';'0';'0';'0';'0';'0';'0';'0';'0';'0';'0';'0';'0';'0';'0';'0';'0';'0';'0';''
'1';'436207807';'Heart of Arthur';'0';'0';'item1_31';'0';'0';'0';'10000000';'0';'0';'0';'0';'0';'0';'0';'0';'0';'0';'0';'0';'0';'0';'0';'0';'0';'0';'0';'0';'0';'0';'0';'0';'0';'0';'0';'0';'0';''
'1';'436207808';'Heart of Max';'0';'0';'item1_31';'0';'0';'0';'10000000';'0';'0';'0';'0';'0';'0';'0';'0';'0';'0';'0';'0';'0';'0';'0';'0';'0';'0';'0';'0';'0';'0';'0';'0';'0';'0';'0';'0';'0';''
'1';'436207809';'Heart of Kaz';'0';'0';'item1_31';'0';'0';'0';'10000000';'0';'0';'0';'0';'0';'0';'0';'0';'0';'0';'0';'0';'0';'0';'0';'0';'0';'0';'0';'0';'0';'0';'0';'0';'0';'0';'0';'0';'0';''
'1';'436207810';'Card Remover (SC)';'0';'0';'item1_175';'0';'0';'0';'10000000';'0';'0';'0';'16';'0';'0';'0';'0';'0';'0';'0';'0';'0';'0';'0';'0';'0';'0';'0';'0';'0';'0';'0';'1';'0';'0';'0';'0';'0';''
'1';'436207819';'???';'0';'0';'item1_203';'0';'0';'0';'10000000';'0';'0';'2';'0';'0';'0';'0';'0';'0';'0';'0';'0';'0';'0';'0';'0';'0';'0';'0';'0';'0';'0';'0';'0';'0';'0';'0';'0';'0';''
'1';'436207820';'?? ?? ???';'0';'0';'item1_204';'0';'0';'0';'500';'0';'0';'2';'0';'0';'0';'0';'0';'0';'0';'0';'0';'0';'0';'0';'0';'0';'0';'0';'0';'0';'0';'0';'1';'0';'0';'0';'0';'0';''
'1';'436207821';'Card Remover(G)';'0';'0';'item1_205';'0';'0';'0';'10000000';'0';'0';'0';'0';'0';'0';'0';'0';'0';'0';'0';'0';'0';'0';'0';'0';'0';'0';'0';'0';'0';'0';'0';'0';'0';'0';'0';'0';'0';''
'1';'436207822';'Card Remover (R)';'0';'0';'item1_206';'0';'0';'0';'10000000';'0';'0';'0';'0';'0';'0';'0';'0';'0';'0';'0';'0';'0';'0';'0';'0';'0';'0';'0';'0';'0';'0';'0';'0';'0';'0';'0';'0';'0';''
'1';'436207823';'Card Remover(P)';'0';'0';'item1_207';'0';'0';'0';'10000000';'0';'0';'0';'0';'0';'0';'0';'0';'0';'0';'0';'0';'0';'0';'0';'0';'0';'0';'0';'0';'0';'0';'0';'0';'0';'0';'0';'0';'0';''
'1';'436207870';'Star Boost Candy';'0';'0';'item1_14';'0';'0';'0';'1900';'0';'0';'1';'0';'0';'0';'0';'0';'0';'0';'0';'0';'0';'0';'0';'0';'0';'0';'0';'0';'0';'0';'0';'50';'0';'0';'0';'0';'0';''
'1';'436207871';'Golden Egg2';'0';'0';'item1_165';'0';'0';'0';'10000000';'0';'0';'0';'0';'0';'0';'0';'0';'0';'0';'0';'0';'0';'0';'0';'0';'0';'0';'0';'0';'0';'0';'0';'0';'0';'0';'0';'0';'0';''
'1';'436207877';'Aztec pack';'0';'0';'item1_244';'0';'0';'0';'10000000';'0';'0';'0';'0';'0';'0';'0';'0';'0';'0';'0';'0';'0';'0';'0';'0';'0';'0';'0';'0';'0';'0';'0';'0';'0';'0';'0';'0';'0';''
'1';'436207888';'Card Remover(SR)';'0';'0';'item1_175';'0';'0';'0';'10000000';'0';'0';'0';'0';'0';'0';'0';'0';'0';'0';'0';'0';'0';'0';'0';'0';'0';'0';'0';'0';'0';'0';'0';'0';'0';'0';'0';'0';'0';''
'1';'436207907';'5th Anniversary Random Box';'0';'0';'item_set_07';'0';'0';'0';'9900';'0';'0';'1';'0';'0';'0';'0';'0';'0';'0';'0';'0';'0';'0';'0';'0';'0';'0';'0';'0';'0';'0';'0';'1';'0';'0';'0';'0';'0';''
'1';'436207915';'World Cup Ticket';'0';'0';'item1_262';'0';'0';'0';'10000000';'0';'0';'0';'0';'0';'0';'0';'0';'0';'0';'0';'0';'0';'0';'0';'0';'0';'0';'0';'0';'0';'0';'0';'1';'0';'0';'0';'0';'0';''
'1';'436207917';'Lucia Present';'0';'0';'item1_218';'0';'0';'0';'10000000';'0';'0';'0';'0';'0';'0';'0';'0';'0';'0';'0';'0';'0';'0';'0';'0';'0';'0';'0';'0';'0';'0';'0';'0';'0';'0';'0';'0';'0';''
'1';'436207923';'Season of Cronos';'0';'0';'item1_196';'0';'0';'0';'10000000';'0';'0';'0';'0';'0';'0';'0';'0';'0';'0';'0';'0';'0';'0';'0';'0';'0';'0';'0';'0';'0';'0';'0';'1';'0';'0';'0';'0';'0';''
'1';'436207928';'Halloween Box 2010';'0';'0';'item1_181';'0';'0';'0';'10000000';'0';'0';'0';'0';'0';'0';'0';'0';'0';'0';'0';'0';'0';'0';'0';'0';'0';'0';'0';'0';'0';'0';'0';'1';'0';'0';'0';'0';'0';''
'1';'436207931';'Santa Boo Socks';'0';'0';'item1_272';'0';'0';'0';'100000000';'0';'0';'0';'0';'0';'0';'0';'0';'0';'0';'0';'0';'0';'0';'0';'0';'0';'0';'0';'0';'0';'0';'0';'1';'0';'0';'0';'0';'0';''
'1';'436207932';'ﾢￍﾧﾢￇ￑ﾭﾨￒﾡﾫￒﾹﾵ￩ￒﾺ￙(M)';'0';'0';'item1_273';'0';'0';'0';'100000000';'0';'0';'0';'0';'0';'0';'0';'0';'0';'0';'0';'0';'0';'0';'0';'0';'0';'0';'0';'0';'0';'0';'0';'1';'0';'0';'0';'0';'0';''
'1';'436207933';'ﾢￍﾧﾢￇ￑ﾭﾨￒﾡﾫￒﾹﾵ￩ￒﾺ￙(L)';'0';'0';'item1_274';'0';'0';'0';'100000000';'0';'0';'0';'0';'0';'0';'0';'0';'0';'0';'0';'0';'0';'0';'0';'0';'0';'0';'0';'0';'0';'0';'0';'1';'0';'0';'0';'0';'0';''
