'Use';'ItemID';'ItemName';'lvlReq';'isMaxLVL';'Icon';'Not Used';'Not Used';'Not Used';'Price';'Discount Price';'Used Price';'Money Flags';'Shop Flags';'Time Flags';'Time';'Point';'From Year';'From Month';'From 0';'From Day';'From Hour';'From Minute';'From Second';'From Millisecond';'To Year';'To Month';'To 0';'To Day';'To Hour';'To Minute';'To Second';'To Millisecond';'numRef';'Ref1';'Ref2';'Ref3';'Ref4';'Ref5';'Ref6';'Ref7';'Ref8';'Ref9';'Ref10';'NA';'NA';'NA';'NA';'NA';'NA';'NA';'NA';'NA';'NA';'NA';'NA';'NA';'NA';'NA';'NA'
'1';'606076928';'ﾪ￘ﾴￇ￨ￒￂﾹ￩ￓ (ﾹ￙ￃￔ ﾤￃﾺﾪ￘ﾴ)';'0';'0';'m_set_01';'0';'0';'0';'49900';'49900';'0';'1';'0';'0';'0';'0';'0';'0';'0';'0';'0';'0';'0';'0';'0';'0';'0';'0';'0';'0';'0';'0';'67108864';'134242320';'134283274';'134219786';'0';'0';'0';'0';'0';'0';'0';'0';'0';'0';'0';'0';'0';'0';'0';'0';'0';'0';'0';'0';'0';'0';'&'
'0';'606076929';'Swimsuit Set(Nuri) (JP)';'0';'0';'m_set_01';'0';'0';'0';'10000000';'0';'0';'0';'0';'0';'0';'0';'0';'0';'0';'0';'0';'0';'0';'0';'0';'0';'0';'0';'0';'0';'0';'0';'67108864';'134242321';'134283275';'134219787';'0';'0';'0';'0';'0';'0';'0';'0';'0';'0';'0';'0';'0';'0';'0';'0';'0';'0';'0';'0';'0';'0';'&'
'1';'606076930';'Puppy Set (ﾹ￙ￃￔ ﾤￃﾺﾪ￘ﾴ)';'0';'0';'m_set_01';'0';'0';'0';'36';'34';'0';'1';'0';'0';'0';'0';'0';'0';'0';'0';'0';'0';'0';'0';'0';'0';'0';'0';'0';'0';'0';'0';'67108864';'134301697';'134219792';'0';'0';'0';'0';'0';'0';'0';'0';'0';'0';'0';'0';'0';'0';'0';'0';'0';'0';'0';'0';'0';'0';'0';'&'
'1';'606076931';'Nuri Hanbok (ﾹ￙ￃￔ ﾤￃﾺﾪ￘ﾴ)';'0';'0';'m_set_01';'0';'0';'0';'49900';'0';'0';'1';'0';'0';'0';'0';'0';'0';'0';'0';'0';'0';'0';'0';'0';'0';'0';'0';'0';'0';'0';'0';'67108864';'134242326';'134219795';'0';'0';'0';'0';'0';'0';'0';'0';'0';'0';'0';'0';'0';'0';'0';'0';'0';'0';'0';'0';'0';'0';'0';'&'
'1';'606076932';'Student Set (ﾹ￙ￃￔ ﾤￃﾺﾪ￘ﾴ)';'0';'0';'m_set_02';'0';'0';'0';'10000000';'0';'0';'0';'0';'0';'0';'0';'0';'0';'0';'0';'0';'0';'0';'0';'0';'0';'0';'0';'0';'0';'0';'0';'67108864';'134242327';'134219800';'134283279';'0';'0';'0';'0';'0';'0';'0';'0';'0';'0';'0';'0';'0';'0';'0';'0';'0';'0';'0';'0';'0';'0';'&'
'1';'606076933';'Tony J.Set';'0';'0';'m_set_01';'0';'0';'0';'59900';'59900';'0';'1';'0';'0';'0';'0';'0';'0';'0';'0';'0';'0';'0';'0';'0';'0';'0';'0';'0';'0';'0';'0';'67108864';'134242330';'134258708';'134283282';'0';'0';'0';'0';'0';'0';'0';'0';'0';'0';'0';'0';'0';'0';'0';'0';'0';'0';'0';'0';'0';'0';'&'
'0';'606076934';'Swimsuit Set2 (Nuri)(TW)';'0';'0';'m_set_01';'0';'0';'0';'9400';'0';'0';'3';'0';'0';'0';'0';'0';'0';'0';'0';'0';'0';'0';'0';'0';'0';'0';'0';'0';'0';'0';'0';'67108864';'134242320';'134283275';'134219787';'0';'0';'0';'0';'0';'0';'0';'0';'0';'0';'0';'0';'0';'0';'0';'0';'0';'0';'0';'0';'0';'0';'&'
'1';'606076935';'Dolphin Set';'0';'0';'m_set_02';'0';'0';'0';'10000000';'0';'0';'0';'0';'0';'0';'0';'0';'0';'0';'0';'0';'0';'0';'0';'0';'0';'0';'0';'0';'0';'0';'0';'134242335';'134283285';'134326277';'0';'0';'0';'0';'0';'0';'0';'0';'0';'0';'0';'0';'0';'0';'0';'0';'0';'0';'0';'0';'0';'0';'0';'&'
'1';'606076936';'Black Ribbon Set';'0';'0';'m_set_01';'0';'0';'0';'39900';'39900';'0';'1';'0';'0';'0';'0';'0';'0';'0';'0';'0';'0';'0';'0';'0';'0';'0';'0';'0';'0';'0';'0';'67108864';'134242336';'134258711';'134283286';'0';'0';'0';'0';'0';'0';'0';'0';'0';'0';'0';'0';'0';'0';'0';'0';'0';'0';'0';'0';'0';'0';'&'
'1';'606076937';'Tecmo Swimsuit (Nuri)(JP)';'0';'0';'m_set_02';'0';'0';'0';'1000000';'0';'0';'0';'0';'0';'0';'0';'0';'0';'0';'0';'0';'0';'0';'0';'0';'0';'0';'0';'0';'0';'0';'0';'134242337';'134283287';'0';'0';'0';'0';'0';'0';'0';'0';'0';'0';'0';'0';'0';'0';'0';'0';'0';'0';'0';'0';'0';'0';'0';'0';'&'
'1';'606076938';'R.Patan Set (ﾹ￙ￃￔ ﾤￃﾺﾪ￘ﾴ)';'0';'0';'m_set_01';'0';'0';'0';'49900';'49900';'0';'1';'0';'0';'0';'0';'0';'0';'0';'0';'0';'0';'0';'0';'0';'0';'0';'0';'0';'0';'0';'0';'67108864';'134242324';'134258705';'134283276';'0';'0';'0';'0';'0';'0';'0';'0';'0';'0';'0';'0';'0';'0';'0';'0';'0';'0';'0';'0';'0';'0';'&'
'1';'606076947';'Tony J. Set (Nuri)';'0';'0';'m_set_01';'0';'0';'0';'10000000';'0';'0';'0';'0';'0';'0';'0';'0';'0';'0';'0';'0';'0';'0';'0';'0';'0';'0';'0';'0';'0';'0';'0';'134242330';'134258708';'134283282';'134219803';'134252548';'0';'0';'0';'0';'0';'0';'0';'0';'0';'0';'0';'0';'0';'0';'0';'0';'0';'0';'0';'0';'0';'&'
'1';'606076955';'Funky Waiter Set(Nuri)';'0';'0';'m_set_01';'0';'0';'0';'59900';'0';'0';'1';'0';'0';'0';'0';'0';'0';'0';'0';'0';'0';'0';'0';'0';'0';'0';'0';'0';'0';'0';'0';'67108864';'134242375';'134283310';'134252562';'134326288';'0';'0';'0';'0';'0';'0';'0';'0';'0';'0';'0';'0';'0';'0';'0';'0';'0';'0';'0';'0';'0';'&'
'1';'606085120';'ﾪ￘ﾴￇ￨ￒￂﾹ￩ￓ (ￎￒﾹ￐ ﾤￃﾺﾪ￘ﾴ)';'0';'0';'f_set_01';'0';'0';'0';'49900';'49900';'0';'1';'0';'0';'0';'0';'0';'0';'0';'0';'0';'0';'0';'0';'0';'0';'0';'0';'0';'0';'0';'0';'67108865';'134496272';'134537225';'134481939';'0';'0';'0';'0';'0';'0';'0';'0';'0';'0';'0';'0';'0';'0';'0';'0';'0';'0';'0';'0';'0';'0';'&'
'0';'606085121';'Swimsuit Set(Hana) (JP)';'0';'0';'f_set_01';'0';'0';'0';'10000000';'0';'0';'0';'0';'0';'0';'0';'0';'0';'0';'0';'0';'0';'0';'0';'0';'0';'0';'0';'0';'0';'0';'0';'67108865';'134496273';'134537226';'134481940';'0';'0';'0';'0';'0';'0';'0';'0';'0';'0';'0';'0';'0';'0';'0';'0';'0';'0';'0';'0';'0';'0';'&'
'1';'606085122';'Puppy Set (ￎￒﾹ￐ ﾤￃﾺﾪ￘ﾴ)';'0';'0';'f_set_01';'0';'0';'0';'36';'34';'0';'1';'0';'0';'0';'0';'0';'0';'0';'0';'0';'0';'0';'0';'0';'0';'0';'0';'0';'0';'0';'0';'67108865';'134572033';'134588417';'0';'0';'0';'0';'0';'0';'0';'0';'0';'0';'0';'0';'0';'0';'0';'0';'0';'0';'0';'0';'0';'0';'0';'&'
'1';'606085123';'Hana Hanbok (ￎￒﾹ￐ ﾤￃﾺﾪ￘ﾴ)';'0';'0';'f_set_01';'0';'0';'0';'44900';'0';'0';'1';'0';'0';'0';'0';'0';'0';'0';'0';'0';'0';'0';'0';'0';'0';'0';'0';'0';'0';'0';'0';'67108865';'134496278';'134588419';'0';'0';'0';'0';'0';'0';'0';'0';'0';'0';'0';'0';'0';'0';'0';'0';'0';'0';'0';'0';'0';'0';'0';'&'
'1';'606085124';'Popular Set (ￎￒﾹ￐ ﾤￃﾺﾪ￘ﾴ)';'0';'0';'f_set_02';'0';'0';'0';'10000000';'0';'0';'0';'0';'0';'0';'0';'0';'0';'0';'0';'0';'0';'0';'0';'0';'0';'0';'0';'0';'0';'0';'0';'67108865';'134496279';'134481947';'134537230';'0';'0';'0';'0';'0';'0';'0';'0';'0';'0';'0';'0';'0';'0';'0';'0';'0';'0';'0';'0';'0';'0';'&'
'1';'606085125';'Summer Uniform Set';'0';'0';'f_set_01';'0';'0';'0';'20900';'20900';'0';'1';'1';'0';'0';'0';'0';'0';'0';'0';'0';'0';'0';'0';'0';'0';'0';'0';'0';'0';'0';'0';'67108865';'134496280';'134512651';'134537231';'0';'0';'0';'0';'0';'0';'0';'0';'0';'0';'0';'0';'0';'0';'0';'0';'0';'0';'0';'0';'0';'0';'&'
'1';'606085126';'Bongdari Set';'0';'0';'f_set_01';'0';'0';'0';'44900';'44900';'0';'1';'1';'0';'0';'0';'0';'0';'0';'0';'0';'0';'0';'0';'0';'0';'0';'0';'0';'0';'0';'0';'67108865';'134496282';'134537233';'0';'0';'0';'0';'0';'0';'0';'0';'0';'0';'0';'0';'0';'0';'0';'0';'0';'0';'0';'0';'0';'0';'0';'&'
'1';'606085127';'Cosmoblue Set';'0';'0';'f_set_02';'0';'0';'0';'10000000';'0';'0';'0';'0';'0';'0';'0';'0';'0';'0';'0';'0';'0';'0';'0';'0';'0';'0';'0';'0';'0';'0';'0';'134496294';'134537242';'134547463';'0';'0';'0';'0';'0';'0';'0';'0';'0';'0';'0';'0';'0';'0';'0';'0';'0';'0';'0';'0';'0';'0';'0';'&'
'1';'606085128';'Pink Shine Hanbok Set';'0';'0';'f_set_01';'0';'0';'0';'44900';'0';'0';'1';'0';'0';'0';'0';'0';'0';'0';'0';'0';'0';'0';'0';'0';'0';'0';'0';'0';'0';'0';'0';'67108865';'134496301';'134588424';'0';'0';'0';'0';'0';'0';'0';'0';'0';'0';'0';'0';'0';'0';'0';'0';'0';'0';'0';'0';'0';'0';'0';'&'
'0';'606085130';'Sheep Set (ￎￒﾹ￐ ﾤￃﾺﾪ￘ﾴ)(TW)';'0';'0';'f_set_01';'0';'0';'0';'1000000';'0';'0';'1';'0';'0';'0';'0';'0';'0';'0';'0';'0';'0';'0';'0';'0';'0';'0';'0';'0';'0';'0';'0';'67108865';'134496300';'134537245';'134506500';'134555654';'0';'0';'0';'0';'0';'0';'0';'0';'0';'0';'0';'0';'0';'0';'0';'0';'0';'0';'0';'0';'0';'&'
'1';'606085131';'Tecmo Swimsuit (Hana)(JP)';'0';'0';'f_set_02';'0';'0';'0';'1000000';'0';'0';'0';'0';'0';'0';'0';'0';'0';'0';'0';'0';'0';'0';'0';'0';'0';'0';'0';'0';'0';'0';'0';'134496306';'134537249';'134481967';'0';'0';'0';'0';'0';'0';'0';'0';'0';'0';'0';'0';'0';'0';'0';'0';'0';'0';'0';'0';'0';'0';'0';'&'
'1';'606085134';'Silk Set (ￎￒﾹ￐ ﾤￃﾺﾪ￘ﾴ)';'0';'0';'f_set_01';'0';'0';'0';'49900';'49900';'0';'1';'0';'0';'0';'0';'0';'0';'0';'0';'0';'0';'0';'0';'0';'0';'0';'0';'0';'0';'0';'0';'67108865';'134496276';'134537227';'134555651';'0';'0';'0';'0';'0';'0';'0';'0';'0';'0';'0';'0';'0';'0';'0';'0';'0';'0';'0';'0';'0';'0';'&'
'0';'606085136';'??????????(????)(TW)';'0';'0';'f_set_01';'0';'0';'0';'10000000';'0';'0';'0';'0';'0';'0';'0';'0';'0';'0';'0';'0';'0';'0';'0';'0';'0';'0';'0';'0';'0';'0';'0';'67108865';'134496307';'134537250';'134481968';'134506502';'0';'0';'0';'0';'0';'0';'0';'0';'0';'0';'0';'0';'0';'0';'0';'0';'0';'0';'0';'0';'0';'&'
'0';'606085137';'???????????(????)(TW)';'0';'0';'f_set_01';'0';'0';'0';'10000000';'0';'0';'0';'0';'0';'0';'0';'0';'0';'0';'0';'0';'0';'0';'0';'0';'0';'0';'0';'0';'0';'0';'0';'67108865';'134496308';'134537251';'134481969';'134506503';'0';'0';'0';'0';'0';'0';'0';'0';'0';'0';'0';'0';'0';'0';'0';'0';'0';'0';'0';'0';'0';'&'
'0';'606085138';'??????(????)(Cn)';'0';'0';'f_set_01';'0';'0';'0';'10000000';'0';'0';'1';'0';'0';'0';'0';'0';'0';'0';'0';'0';'0';'0';'0';'0';'0';'0';'0';'0';'0';'0';'0';'67108865';'134496300';'134537245';'134506500';'134555654';'0';'0';'0';'0';'0';'0';'0';'0';'0';'0';'0';'0';'0';'0';'0';'0';'0';'0';'0';'0';'0';'&'
'0';'606085140';'???????(????)(Cn)';'0';'0';'f_set_01';'0';'0';'0';'10000000';'0';'0';'0';'0';'0';'0';'0';'0';'0';'0';'0';'0';'0';'0';'0';'0';'0';'0';'0';'0';'0';'0';'0';'67108865';'134496302';'134537247';'134481963';'134506501';'0';'0';'0';'0';'0';'0';'0';'0';'0';'0';'0';'0';'0';'0';'0';'0';'0';'0';'0';'0';'0';'&'
'1';'606093312';'ﾪ￘ﾴ￠ﾤￃￗ￨ￍﾧ￡ﾺﾺﾵￓￃￇﾨ ';'0';'0';'a_set_01';'0';'0';'0';'29900';'29900';'0';'1';'1';'0';'0';'0';'0';'0';'0';'0';'0';'0';'0';'0';'0';'0';'0';'0';'0';'0';'0';'0';'67108866';'134758402';'134782978';'134799361';'0';'0';'0';'0';'0';'0';'0';'0';'0';'0';'0';'0';'0';'0';'0';'0';'0';'0';'0';'0';'0';'0';'&'
'1';'606093313';'ﾪ￘ﾴﾹ￑ﾡﾸ￘ￃﾡￔﾨ';'0';'0';'a_set_01';'0';'0';'0';'29900';'29900';'0';'1';'1';'0';'0';'0';'0';'0';'0';'0';'0';'0';'0';'0';'0';'0';'0';'0';'0';'0';'0';'0';'67108866';'134758403';'134782979';'134799362';'0';'0';'0';'0';'0';'0';'0';'0';'0';'0';'0';'0';'0';'0';'0';'0';'0';'0';'0';'0';'0';'0';'&'
'1';'606093314';'ﾪ￘ﾴￇ￨ￒￂﾹ￩ￓ';'0';'0';'a_set_01';'0';'0';'0';'49900';'49900';'0';'1';'0';'0';'0';'0';'0';'0';'0';'0';'0';'0';'0';'0';'0';'0';'0';'0';'0';'0';'0';'0';'67108866';'134758414';'134799370';'134825985';'0';'0';'0';'0';'0';'0';'0';'0';'0';'0';'0';'0';'0';'0';'0';'0';'0';'0';'0';'0';'0';'0';'&'
'0';'606093315';'Swimsuit Set(Azer) (JP)';'0';'0';'a_set_01';'0';'0';'0';'10000000';'0';'0';'0';'0';'0';'0';'0';'0';'0';'0';'0';'0';'0';'0';'0';'0';'0';'0';'0';'0';'0';'0';'0';'67108866';'134758415';'134799371';'134825987';'0';'0';'0';'0';'0';'0';'0';'0';'0';'0';'0';'0';'0';'0';'0';'0';'0';'0';'0';'0';'0';'0';'&'
'1';'606093316';'Puppy Set';'0';'0';'a_set_01';'0';'0';'0';'36';'34';'0';'1';'0';'0';'0';'0';'0';'0';'0';'0';'0';'0';'0';'0';'0';'0';'0';'0';'0';'0';'0';'0';'67108866';'134834177';'134850561';'0';'0';'0';'0';'0';'0';'0';'0';'0';'0';'0';'0';'0';'0';'0';'0';'0';'0';'0';'0';'0';'0';'0';'&'
'1';'606093317';'Arthur Hanbok';'0';'0';'a_set_01';'0';'0';'0';'44900';'0';'0';'1';'0';'0';'0';'0';'0';'0';'0';'0';'0';'0';'0';'0';'0';'0';'0';'0';'0';'0';'0';'0';'67108866';'134758419';'134850563';'0';'0';'0';'0';'0';'0';'0';'0';'0';'0';'0';'0';'0';'0';'0';'0';'0';'0';'0';'0';'0';'0';'0';'&'
'0';'606093318';'Businees Set (ￍￒ￠ﾸￍￃ￬ ﾤￃﾺﾪ￘ﾴ)(JP)';'0';'0';'a_set_02';'0';'0';'0';'10000000';'0';'0';'0';'0';'0';'0';'0';'0';'0';'0';'0';'0';'0';'0';'0';'0';'0';'0';'0';'0';'0';'0';'0';'134744082';'134758421';'134799375';'0';'0';'0';'0';'0';'0';'0';'0';'0';'0';'0';'0';'0';'0';'0';'0';'0';'0';'0';'0';'0';'0';'0';'&'
'1';'606093319';'Sor.Arthur Set (ￍￒ￠ﾸￍￃ￬ ﾤￃﾺﾪ￘ﾴ)';'0';'0';'a_set_01';'0';'0';'0';'49900';'49900';'0';'1';'0';'0';'0';'0';'0';'0';'0';'0';'0';'0';'0';'0';'0';'0';'0';'0';'0';'0';'0';'0';'67108866';'134758420';'134782991';'134799374';'0';'0';'0';'0';'0';'0';'0';'0';'0';'0';'0';'0';'0';'0';'0';'0';'0';'0';'0';'0';'0';'0';'&'
'1';'606093320';'Diver Set';'0';'0';'a_set_02';'0';'0';'0';'10000000';'0';'0';'0';'0';'0';'0';'0';'0';'0';'0';'0';'0';'0';'0';'0';'0';'0';'0';'0';'0';'0';'0';'0';'134758424';'134799377';'134809611';'0';'0';'0';'0';'0';'0';'0';'0';'0';'0';'0';'0';'0';'0';'0';'0';'0';'0';'0';'0';'0';'0';'0';'&'
'1';'606093321';'Gold Line Set';'0';'0';'a_set_01';'0';'0';'0';'39900';'39900';'0';'1';'0';'0';'0';'0';'0';'0';'0';'0';'0';'0';'0';'0';'0';'0';'0';'0';'0';'0';'0';'0';'67108866';'134758425';'134782993';'134799378';'0';'0';'0';'0';'0';'0';'0';'0';'0';'0';'0';'0';'0';'0';'0';'0';'0';'0';'0';'0';'0';'0';'&'
'1';'606093322';'Tecmo Swimsuit (Arthur)(JP)';'0';'0';'a_set_02';'0';'0';'0';'1000000';'0';'0';'0';'0';'0';'0';'0';'0';'0';'0';'0';'0';'0';'0';'0';'0';'0';'0';'0';'0';'0';'0';'0';'134758427';'134799379';'134850571';'0';'0';'0';'0';'0';'0';'0';'0';'0';'0';'0';'0';'0';'0';'0';'0';'0';'0';'0';'0';'0';'0';'0';'&'
'0';'606093323';'????????(Cn)';'0';'0';'e_set_02';'0';'0';'0';'450';'0';'0';'1';'0';'0';'0';'0';'0';'0';'0';'0';'0';'0';'0';'0';'0';'0';'0';'0';'0';'0';'0';'0';'67108866';'134758429';'134866967';'0';'0';'0';'0';'0';'0';'0';'0';'0';'0';'0';'0';'0';'0';'0';'0';'0';'0';'0';'0';'0';'0';'0';'&'
'1';'606093336';'Funky Waiter Set(Arthur)';'0';'0';'a_set_01';'0';'0';'0';'59900';'0';'0';'1';'0';'0';'0';'0';'0';'0';'0';'0';'0';'0';'0';'0';'0';'0';'0';'0';'0';'0';'0';'0';'67108866';'134758458';'134799394';'134776849';'134809627';'0';'0';'0';'0';'0';'0';'0';'0';'0';'0';'0';'0';'0';'0';'0';'0';'0';'0';'0';'0';'0';'&'
'1';'606101504';'ﾪ￘ﾴﾹ￑ﾡﾸ￘ￃﾡￔﾨ';'0';'0';'c_set_01';'0';'0';'0';'29900';'29900';'0';'1';'1';'0';'0';'0';'0';'0';'0';'0';'0';'0';'0';'0';'0';'0';'0';'0';'0';'0';'0';'0';'67108867';'135020544';'135045120';'135061504';'0';'0';'0';'0';'0';'0';'0';'0';'0';'0';'0';'0';'0';'0';'0';'0';'0';'0';'0';'0';'0';'0';'&'
'1';'606101505';'ﾪ￘ﾴￃￒﾵￃￕ';'0';'0';'c_set_01';'0';'0';'0';'39900';'39900';'0';'1';'1';'0';'0';'0';'0';'0';'0';'0';'0';'0';'0';'0';'0';'0';'0';'0';'0';'0';'0';'0';'67108867';'135020546';'135045122';'135061506';'0';'0';'0';'0';'0';'0';'0';'0';'0';'0';'0';'0';'0';'0';'0';'0';'0';'0';'0';'0';'0';'0';'&'
'1';'606101506';'ﾪ￘ﾴￇ￨ￒￂﾹ￩ￓ Set1';'0';'0';'c_set_01';'0';'0';'0';'59900';'59900';'0';'1';'0';'0';'0';'0';'0';'0';'0';'0';'0';'0';'0';'0';'0';'0';'0';'0';'0';'0';'0';'0';'67108867';'135020558';'135061514';'135071747';'0';'0';'0';'0';'0';'0';'0';'0';'0';'0';'0';'0';'0';'0';'0';'0';'0';'0';'0';'0';'0';'0';'&'
'1';'606101507';'ﾪ￘ﾴￇ￨ￒￂﾹ￩ￓ Set2';'0';'0';'c_set_01';'0';'0';'0';'59900';'59900';'0';'1';'0';'0';'0';'0';'0';'0';'0';'0';'0';'0';'0';'0';'0';'0';'0';'0';'0';'0';'0';'0';'67108867';'135020559';'135061514';'135071747';'0';'0';'0';'0';'0';'0';'0';'0';'0';'0';'0';'0';'0';'0';'0';'0';'0';'0';'0';'0';'0';'0';'&'
'0';'606101508';'Swimsuit Set(Cesi) (JP)';'0';'0';'c_set_01';'0';'0';'0';'10000000';'0';'0';'0';'0';'0';'0';'0';'0';'0';'0';'0';'0';'0';'0';'0';'0';'0';'0';'0';'0';'0';'0';'0';'67108867';'135020559';'135061516';'135071748';'0';'0';'0';'0';'0';'0';'0';'0';'0';'0';'0';'0';'0';'0';'0';'0';'0';'0';'0';'0';'0';'0';'&'
'1';'606101509';'ﾪ￘ﾴﾤￒￇﾺￍￂ';'0';'0';'c_set_01';'0';'0';'0';'39900';'39900';'0';'1';'1';'0';'0';'0';'0';'0';'0';'0';'0';'0';'0';'0';'0';'0';'0';'0';'0';'0';'0';'0';'67108867';'135020561';'135045132';'135061515';'0';'0';'0';'0';'0';'0';'0';'0';'0';'0';'0';'0';'0';'0';'0';'0';'0';'0';'0';'0';'0';'0';'&'
'1';'606101510';'Puppy Set';'0';'0';'c_set_01';'0';'0';'0';'36';'34';'0';'1';'0';'0';'0';'0';'0';'0';'0';'0';'0';'0';'0';'0';'0';'0';'0';'0';'0';'0';'0';'0';'67108867';'135096321';'135071751';'0';'0';'0';'0';'0';'0';'0';'0';'0';'0';'0';'0';'0';'0';'0';'0';'0';'0';'0';'0';'0';'0';'0';'&'
'1';'606101511';'Cesillia Hanbok';'0';'0';'c_set_01';'0';'0';'0';'49900';'0';'0';'1';'0';'0';'0';'0';'0';'0';'0';'0';'0';'0';'0';'0';'0';'0';'0';'0';'0';'0';'0';'0';'67108867';'135020565';'135071753';'0';'0';'0';'0';'0';'0';'0';'0';'0';'0';'0';'0';'0';'0';'0';'0';'0';'0';'0';'0';'0';'0';'0';'&'
'0';'606101512';'Geisha Set (Cesillia)(JP)';'0';'0';'c_set_02';'0';'0';'0';'10000000';'0';'0';'1';'0';'0';'0';'0';'0';'0';'0';'0';'0';'0';'0';'0';'0';'0';'0';'0';'0';'0';'0';'0';'135004175';'135020568';'135061521';'0';'0';'0';'0';'0';'0';'0';'0';'0';'0';'0';'0';'0';'0';'0';'0';'0';'0';'0';'0';'0';'0';'0';'&'
'1';'606101513';'Elegance Set';'0';'0';'c_set_02';'0';'0';'0';'10000000';'0';'0';'0';'0';'0';'0';'0';'0';'0';'0';'0';'0';'0';'0';'0';'0';'0';'0';'0';'0';'0';'0';'0';'135020575';'135061527';'135088137';'0';'0';'0';'0';'0';'0';'0';'0';'0';'0';'0';'0';'0';'0';'0';'0';'0';'0';'0';'0';'0';'0';'0';'&'
'1';'606101514';'Orange Blue Hanbok Set';'0';'0';'c_set_01';'0';'0';'0';'49900';'0';'0';'1';'0';'0';'0';'0';'0';'0';'0';'0';'0';'0';'0';'0';'0';'0';'0';'0';'0';'0';'0';'0';'67108867';'135020579';'135071761';'0';'0';'0';'0';'0';'0';'0';'0';'0';'0';'0';'0';'0';'0';'0';'0';'0';'0';'0';'0';'0';'0';'0';'&'
'0';'606101516';'?????????(????)(TW)';'0';'0';'c_set_01';'0';'0';'0';'10000000';'0';'0';'0';'0';'0';'0';'0';'0';'0';'0';'0';'0';'0';'0';'0';'0';'0';'0';'0';'0';'0';'0';'0';'67108867';'135020573';'135061525';'0';'0';'0';'0';'0';'0';'0';'0';'0';'0';'0';'0';'0';'0';'0';'0';'0';'0';'0';'0';'0';'0';'0';'&'
'1';'606101517';'Tecmo Swimsuit (Cesillia)(JP)';'0';'0';'c_set_02';'0';'0';'0';'1000000';'0';'0';'0';'0';'0';'0';'0';'0';'0';'0';'0';'0';'0';'0';'0';'0';'0';'0';'0';'0';'0';'0';'0';'135020582';'135061534';'135079937';'0';'0';'0';'0';'0';'0';'0';'0';'0';'0';'0';'0';'0';'0';'0';'0';'0';'0';'0';'0';'0';'0';'0';'&'
'0';'606101520';'????????(Cn)';'0';'0';'e_set_02';'0';'0';'0';'450';'0';'0';'1';'0';'0';'0';'0';'0';'0';'0';'0';'0';'0';'0';'0';'0';'0';'0';'0';'0';'0';'0';'0';'67108867';'135020585';'135112728';'0';'0';'0';'0';'0';'0';'0';'0';'0';'0';'0';'0';'0';'0';'0';'0';'0';'0';'0';'0';'0';'0';'0';'&'
'0';'606101521';'???????????(??????)(TW)';'0';'0';'c_set_01';'0';'0';'0';'10000000';'0';'0';'0';'0';'0';'0';'0';'0';'0';'0';'0';'0';'0';'0';'0';'0';'0';'0';'0';'0';'0';'0';'0';'67108867';'135020583';'135061535';'135036934';'135004183';'0';'0';'0';'0';'0';'0';'0';'0';'0';'0';'0';'0';'0';'0';'0';'0';'0';'0';'0';'0';'0';'&'
'0';'606101522';'??????????TW(??????)(TW)';'0';'0';'c_set_01';'0';'0';'0';'10000000';'0';'0';'0';'0';'0';'0';'0';'0';'0';'0';'0';'0';'0';'0';'0';'0';'0';'0';'0';'0';'0';'0';'0';'67108867';'135020584';'135061536';'135036935';'135004184';'0';'0';'0';'0';'0';'0';'0';'0';'0';'0';'0';'0';'0';'0';'0';'0';'0';'0';'0';'0';'0';'&'
'0';'606101525';'???????(??????)(Cn)';'0';'0';'c_set_01';'0';'0';'0';'10000000';'0';'0';'0';'0';'0';'0';'0';'0';'0';'0';'0';'0';'0';'0';'0';'0';'0';'0';'0';'0';'0';'0';'0';'67108867';'135020580';'135061532';'135036933';'135071762';'0';'0';'0';'0';'0';'0';'0';'0';'0';'0';'0';'0';'0';'0';'0';'0';'0';'0';'0';'0';'0';'&'
'1';'606109696';'ﾪ￘ﾴ￠ﾷﾹﾹￔￊ (￡￁ﾡﾫ￬ ﾤￃﾺﾪ￘ﾴ)';'0';'0';'d_set_01';'0';'0';'0';'49900';'49900';'0';'1';'1';'0';'0';'0';'0';'0';'0';'0';'0';'0';'0';'0';'0';'0';'0';'0';'0';'0';'0';'0';'67108868';'135282690';'135299074';'135307266';'0';'0';'0';'0';'0';'0';'0';'0';'0';'0';'0';'0';'0';'0';'0';'0';'0';'0';'0';'0';'0';'0';'&'
'1';'606109697';'ﾪ￘ﾴￊￔﾧￋ￬ﾹ￑ﾡﾺￔﾴ (￡￁ﾡﾫ￬ ﾤￃﾺﾪ￘ﾴ)';'0';'0';'d_set_01';'0';'0';'0';'48000';'48000';'0';'1';'1';'0';'0';'0';'0';'0';'0';'0';'0';'0';'0';'0';'0';'0';'0';'0';'0';'0';'0';'0';'67108868';'135282689';'135299073';'135307265';'0';'0';'0';'0';'0';'0';'0';'0';'0';'0';'0';'0';'0';'0';'0';'0';'0';'0';'0';'0';'0';'0';'&'
'1';'606109698';'ﾪ￘ﾴￇ￨ￒￂﾹ￩ￓ (￡￁ﾡﾫ￬ ﾤￃﾺﾪ￘ﾴ)';'0';'0';'d_set_01';'0';'0';'0';'59900';'59900';'0';'1';'0';'0';'0';'0';'0';'0';'0';'0';'0';'0';'0';'0';'0';'0';'0';'0';'0';'0';'0';'0';'67108868';'135282700';'135307273';'135340035';'0';'0';'0';'0';'0';'0';'0';'0';'0';'0';'0';'0';'0';'0';'0';'0';'0';'0';'0';'0';'0';'0';'&'
'0';'606109699';'Swimsuit Set(Max) (JP)';'0';'0';'d_set_01';'0';'0';'0';'10000000';'0';'0';'0';'0';'0';'0';'0';'0';'0';'0';'0';'0';'0';'0';'0';'0';'0';'0';'0';'0';'0';'0';'0';'67108868';'135282701';'135307274';'135340036';'0';'0';'0';'0';'0';'0';'0';'0';'0';'0';'0';'0';'0';'0';'0';'0';'0';'0';'0';'0';'0';'0';'&'
'1';'606109700';'Puppy Set (￡￁ﾡﾫ￬ ﾤￃﾺﾪ￘ﾴ)';'0';'0';'d_set_01';'0';'0';'0';'36';'34';'0';'1';'0';'0';'0';'0';'0';'0';'0';'0';'0';'0';'0';'0';'0';'0';'0';'0';'0';'0';'0';'0';'67108868';'135356417';'135374849';'0';'0';'0';'0';'0';'0';'0';'0';'0';'0';'0';'0';'0';'0';'0';'0';'0';'0';'0';'0';'0';'0';'0';'&'
'1';'606109701';'Max Hanbok (￡￁ﾡﾫ￬ ﾤￃﾺﾪ￘ﾴ)';'0';'0';'d_set_01';'0';'0';'0';'44900';'0';'0';'1';'0';'0';'0';'0';'0';'0';'0';'0';'0';'0';'0';'0';'0';'0';'0';'0';'0';'0';'0';'0';'67108868';'135282706';'135374851';'0';'0';'0';'0';'0';'0';'0';'0';'0';'0';'0';'0';'0';'0';'0';'0';'0';'0';'0';'0';'0';'0';'0';'&'
'1';'606109702';'Black Zipper (￡￁ﾡﾫ￬ ﾤￃﾺﾪ￘ﾴ)';'0';'0';'d_set_01';'0';'0';'0';'49900';'49900';'0';'1';'1';'0';'0';'0';'0';'0';'0';'0';'0';'0';'0';'0';'0';'0';'0';'0';'0';'0';'0';'0';'67108868';'135282707';'135299083';'135307278';'0';'0';'0';'0';'0';'0';'0';'0';'0';'0';'0';'0';'0';'0';'0';'0';'0';'0';'0';'0';'0';'0';'&'
'0';'606109703';'?? ??(??)(JP)';'0';'0';'d_set_02';'0';'0';'0';'10000000';'0';'0';'1';'0';'0';'0';'0';'0';'0';'0';'0';'0';'0';'0';'0';'0';'0';'0';'0';'0';'0';'0';'0';'135374857';'135282710';'135290890';'135307281';'0';'0';'0';'0';'0';'0';'0';'0';'0';'0';'0';'0';'0';'0';'0';'0';'0';'0';'0';'0';'0';'0';'&'
'1';'606109705';'Mariner Set';'0';'0';'d_set_02';'0';'0';'0';'10000000';'0';'0';'0';'0';'0';'0';'0';'0';'0';'0';'0';'0';'0';'0';'0';'0';'0';'0';'0';'0';'0';'0';'0';'135282715';'135307284';'135340045';'0';'0';'0';'0';'0';'0';'0';'0';'0';'0';'0';'0';'0';'0';'0';'0';'0';'0';'0';'0';'0';'0';'0';'&'
'1';'606109706';'Red Wind Set (￡￁ﾡﾫ￬ ﾤￃﾺﾪ￘ﾴ)';'0';'0';'d_set_01';'0';'0';'0';'39900';'39900';'0';'1';'0';'0';'0';'0';'0';'0';'0';'0';'0';'0';'0';'0';'0';'0';'0';'0';'0';'0';'0';'0';'67108868';'135282716';'135299088';'135307285';'0';'0';'0';'0';'0';'0';'0';'0';'0';'0';'0';'0';'0';'0';'0';'0';'0';'0';'0';'0';'0';'0';'&'
'1';'606109707';'Dandeloin Wedding Set (￡￁ﾡﾫ￬ ﾤￃﾺﾪ￘ﾴ)';'0';'0';'d_set_01';'0';'0';'0';'39900';'39900';'0';'1';'0';'0';'0';'0';'0';'0';'0';'0';'0';'0';'0';'0';'0';'0';'0';'0';'0';'0';'0';'0';'67108868';'135282717';'135299089';'135307286';'0';'0';'0';'0';'0';'0';'0';'0';'0';'0';'0';'0';'0';'0';'0';'0';'0';'0';'0';'0';'0';'0';'&'
'1';'606109708';'??????????(????)';'0';'0';'d_set_01';'0';'0';'0';'89';'80';'0';'1';'0';'0';'0';'0';'0';'0';'0';'0';'0';'0';'0';'0';'0';'0';'0';'0';'0';'0';'0';'0';'67108868';'135282720';'135299092';'135307288';'0';'0';'0';'0';'0';'0';'0';'0';'0';'0';'0';'0';'0';'0';'0';'0';'0';'0';'0';'0';'0';'0';'&'
'0';'606109709';'????????(Cn)';'0';'0';'e_set_02';'0';'0';'0';'450';'0';'0';'1';'0';'0';'0';'0';'0';'0';'0';'0';'0';'0';'0';'0';'0';'0';'0';'0';'0';'0';'0';'0';'67108868';'135282726';'135391255';'0';'0';'0';'0';'0';'0';'0';'0';'0';'0';'0';'0';'0';'0';'0';'0';'0';'0';'0';'0';'0';'0';'0';'&'
'1';'606109711';'Skull Leather Set(￡￁ﾡﾫ￬ ﾤￃﾺﾪ￘ﾴ)';'0';'0';'d_set_02';'0';'0';'0';'39900';'0';'0';'1';'0';'0';'0';'0';'0';'0';'0';'0';'0';'0';'0';'0';'0';'0';'0';'0';'0';'0';'0';'0';'67108868';'135282708';'135307279';'135266317';'0';'0';'0';'0';'0';'0';'0';'0';'0';'0';'0';'0';'0';'0';'0';'0';'0';'0';'0';'0';'0';'0';'&'
'1';'606109723';'Funky Waiter Set(Max)';'0';'0';'d_set_01';'0';'0';'0';'59900';'0';'0';'1';'0';'0';'0';'0';'0';'0';'0';'0';'0';'0';'0';'0';'0';'0';'0';'0';'0';'0';'0';'0';'67108868';'135282760';'135307309';'135340057';'0';'0';'0';'0';'0';'0';'0';'0';'0';'0';'0';'0';'0';'0';'0';'0';'0';'0';'0';'0';'0';'0';'&'
'1';'606117888';'ﾪ￘ﾴￊￒￇ￠ￊￔￃ￬﾿ (Kooh ﾤￃﾺﾪ￘ﾴ)';'0';'0';'e_set_01';'0';'0';'0';'59900';'0';'0';'1';'1';'0';'0';'0';'0';'0';'0';'0';'0';'0';'0';'0';'0';'0';'0';'0';'0';'0';'0';'0';'67108869';'135544834';'135610368';'135585794';'0';'0';'0';'0';'0';'0';'0';'0';'0';'0';'0';'0';'0';'0';'0';'0';'0';'0';'0';'0';'0';'0';'&'
'1';'606117889';'ﾪ￘ﾴ￢ﾨￃￊￅ￑ﾴ (Kooh ﾤￃﾺﾪ￘ﾴ)';'0';'0';'e_set_01';'0';'0';'0';'49900';'0';'0';'1';'1';'0';'0';'0';'0';'0';'0';'0';'0';'0';'0';'0';'0';'0';'0';'0';'0';'0';'0';'0';'67108869';'135544832';'135569408';'135585792';'0';'0';'0';'0';'0';'0';'0';'0';'0';'0';'0';'0';'0';'0';'0';'0';'0';'0';'0';'0';'0';'0';'&'
'1';'606117890';'Green Stripe One-Piece (Kooh ﾤￃﾺﾪ￘ﾴ)';'0';'0';'e_set_01';'0';'0';'0';'10000000';'10000000';'0';'1';'0';'0';'0';'0';'0';'0';'0';'0';'0';'0';'0';'0';'0';'0';'0';'0';'0';'0';'0';'0';'67108869';'135544842';'135585801';'135528452';'135528455';'0';'0';'0';'0';'0';'0';'0';'0';'0';'0';'0';'0';'0';'0';'0';'0';'0';'0';'0';'0';'0';'&'
'1';'606117891';'ﾪ￘ﾴￇ￨ￒￂﾹ￩ￓ (Kooh ﾤￃﾺﾪ￘ﾴ)';'0';'0';'e_set_01';'0';'0';'0';'59900';'0';'0';'1';'0';'0';'0';'0';'0';'0';'0';'0';'0';'0';'0';'0';'0';'0';'0';'0';'0';'0';'0';'0';'67108869';'135544847';'135585806';'135634946';'0';'0';'0';'0';'0';'0';'0';'0';'0';'0';'0';'0';'0';'0';'0';'0';'0';'0';'0';'0';'0';'0';'&'
'0';'606117892';'Swimsuit Set (Kooh)(JP)';'0';'0';'e_set_01';'0';'0';'0';'10000000';'0';'0';'0';'0';'0';'0';'0';'0';'0';'0';'0';'0';'0';'0';'0';'0';'0';'0';'0';'0';'0';'0';'0';'67108869';'135544849';'135585807';'135634947';'0';'0';'0';'0';'0';'0';'0';'0';'0';'0';'0';'0';'0';'0';'0';'0';'0';'0';'0';'0';'0';'0';'&'
'1';'606117893';'Fusion China Set (Kooh ﾤￃﾺﾪ￘ﾴ)';'0';'0';'e_set_01';'0';'0';'0';'39900';'0';'0';'1';'0';'0';'0';'0';'0';'0';'0';'0';'0';'0';'0';'0';'0';'0';'0';'0';'0';'0';'0';'0';'67108869';'135544850';'135610368';'135585803';'0';'0';'0';'0';'0';'0';'0';'0';'0';'0';'0';'0';'0';'0';'0';'0';'0';'0';'0';'0';'0';'0';'&'
'0';'606117894';'Kimono Set (Kooh)';'0';'0';'e_set_01';'0';'0';'0';'10000000';'0';'0';'0';'0';'0';'0';'0';'0';'0';'0';'0';'0';'0';'0';'0';'0';'0';'0';'0';'0';'0';'0';'0';'135544854';'135585808';'135534603';'0';'0';'0';'0';'0';'0';'0';'0';'0';'0';'0';'0';'0';'0';'0';'0';'0';'0';'0';'0';'0';'0';'0';'&'
'1';'606117895';'Puppy Set (Kooh ﾤￃﾺﾪ￘ﾴ)';'0';'0';'e_set_01';'0';'0';'0';'36';'34';'0';'1';'0';'0';'0';'0';'0';'0';'0';'0';'0';'0';'0';'0';'0';'0';'0';'0';'0';'0';'0';'0';'67108869';'135651329';'135636998';'0';'0';'0';'0';'0';'0';'0';'0';'0';'0';'0';'0';'0';'0';'0';'0';'0';'0';'0';'0';'0';'0';'0';'&'
'1';'606117896';'Kooh Hanbok (Kooh ﾤￃﾺﾪ￘ﾴ)';'0';'0';'e_set_01';'0';'0';'0';'49900';'0';'0';'1';'0';'0';'0';'0';'0';'0';'0';'0';'0';'0';'0';'0';'0';'0';'0';'0';'0';'0';'0';'0';'67108869';'135544856';'135637001';'0';'0';'0';'0';'0';'0';'0';'0';'0';'0';'0';'0';'0';'0';'0';'0';'0';'0';'0';'0';'0';'0';'0';'&'
'1';'606117897';'Foxy Set (Kooh ﾤￃﾺﾪ￘ﾴ)';'0';'0';'e_set_01';'0';'0';'0';'55900';'0';'0';'1';'1';'0';'0';'0';'0';'0';'0';'0';'0';'0';'0';'0';'0';'0';'0';'0';'0';'0';'0';'0';'67108869';'135544857';'135569420';'0';'0';'0';'0';'0';'0';'0';'0';'0';'0';'0';'0';'0';'0';'0';'0';'0';'0';'0';'0';'0';'0';'0';'&'
'1';'606117898';'Red Chinese Set (Kooh ﾤￃﾺﾪ￘ﾴ)';'0';'0';'e_set_01';'0';'0';'0';'44900';'0';'0';'1';'1';'0';'0';'0';'0';'0';'0';'0';'0';'0';'0';'0';'0';'0';'0';'0';'0';'0';'0';'0';'67108869';'135544859';'135585814';'0';'0';'0';'0';'0';'0';'0';'0';'0';'0';'0';'0';'0';'0';'0';'0';'0';'0';'0';'0';'0';'0';'0';'&'
'0';'606117899';'Swimsuit Set2 (Kooh)(TW)';'0';'0';'e_set_01';'0';'0';'0';'9400';'0';'0';'1';'0';'0';'0';'0';'0';'0';'0';'0';'0';'0';'0';'0';'0';'0';'0';'0';'0';'0';'0';'0';'67108869';'135544849';'135585807';'135634947';'0';'0';'0';'0';'0';'0';'0';'0';'0';'0';'0';'0';'0';'0';'0';'0';'0';'0';'0';'0';'0';'0';'&'
'1';'606117900';'Colorful Set';'0';'0';'e_set_02';'0';'0';'0';'10000000';'0';'0';'0';'0';'0';'0';'0';'0';'0';'0';'0';'0';'0';'0';'0';'0';'0';'0';'0';'0';'0';'0';'0';'135544864';'135585817';'135669765';'0';'0';'0';'0';'0';'0';'0';'0';'0';'0';'0';'0';'0';'0';'0';'0';'0';'0';'0';'0';'0';'0';'0';'&'
'0';'606117901';'Kimono Set (Kooh)';'0';'0';'e_set_01';'0';'0';'0';'10000000';'0';'0';'0';'0';'0';'0';'0';'0';'0';'0';'0';'0';'0';'0';'0';'0';'0';'0';'0';'0';'0';'0';'0';'67108869';'135544854';'135585808';'135528459';'0';'0';'0';'0';'0';'0';'0';'0';'0';'0';'0';'0';'0';'0';'0';'0';'0';'0';'0';'0';'0';'0';'&'
'1';'606117902';'Amber striped Hanbok (Kooh ﾤￃﾺﾪ￘ﾴ)';'0';'0';'e_set_01';'0';'0';'0';'49900';'0';'0';'1';'0';'0';'0';'0';'0';'0';'0';'0';'0';'0';'0';'0';'0';'0';'0';'0';'0';'0';'0';'0';'67108869';'135544867';'135637001';'0';'0';'0';'0';'0';'0';'0';'0';'0';'0';'0';'0';'0';'0';'0';'0';'0';'0';'0';'0';'0';'0';'0';'&'
'0';'606117904';'Penguin Set (TW)';'0';'0';'e_set_01';'0';'0';'0';'1000000';'0';'0';'1';'0';'0';'0';'0';'0';'0';'0';'0';'0';'0';'0';'0';'0';'0';'0';'0';'0';'0';'0';'0';'67108869';'135544866';'135585819';'135561223';'0';'0';'0';'0';'0';'0';'0';'0';'0';'0';'0';'0';'0';'0';'0';'0';'0';'0';'0';'0';'0';'0';'&'
'1';'606117905';'Tecmo Swimsuit (Kooh)(JP)';'0';'0';'e_set_02';'0';'0';'0';'1000000';'0';'0';'0';'0';'0';'0';'0';'0';'0';'0';'0';'0';'0';'0';'0';'0';'0';'0';'0';'0';'0';'0';'0';'135544872';'135585824';'135528476';'0';'0';'0';'0';'0';'0';'0';'0';'0';'0';'0';'0';'0';'0';'0';'0';'0';'0';'0';'0';'0';'0';'0';'&'
'0';'606117908';'??????????(???)(TW)';'0';'0';'e_set_01';'0';'0';'0';'10000000';'0';'0';'0';'0';'0';'0';'0';'0';'0';'0';'0';'0';'0';'0';'0';'0';'0';'0';'0';'0';'0';'0';'0';'67108869';'135544874';'135585826';'135561226';'135634964';'0';'0';'0';'0';'0';'0';'0';'0';'0';'0';'0';'0';'0';'0';'0';'0';'0';'0';'0';'0';'0';'&'
'0';'606117909';'??????????(???)(TW)';'0';'0';'e_set_01';'0';'0';'0';'10000000';'0';'0';'0';'0';'0';'0';'0';'0';'0';'0';'0';'0';'0';'0';'0';'0';'0';'0';'0';'0';'0';'0';'0';'67108869';'135544875';'135585827';'135561227';'135634965';'0';'0';'0';'0';'0';'0';'0';'0';'0';'0';'0';'0';'0';'0';'0';'0';'0';'0';'0';'0';'0';'&'
'0';'606117911';'??????(???)(CN)';'0';'0';'e_set_01';'0';'0';'0';'1000000';'0';'0';'1';'0';'0';'0';'0';'0';'0';'0';'0';'0';'0';'0';'0';'0';'0';'0';'0';'0';'0';'0';'0';'67108869';'135544866';'135585819';'135561223';'0';'0';'0';'0';'0';'0';'0';'0';'0';'0';'0';'0';'0';'0';'0';'0';'0';'0';'0';'0';'0';'0';'&'
'0';'606117913';'???????(???)(Cn)';'0';'0';'e_set_01';'0';'0';'0';'10000000';'0';'0';'0';'0';'0';'0';'0';'0';'0';'0';'0';'0';'0';'0';'0';'0';'0';'0';'0';'0';'0';'0';'0';'135544868';'135585821';'135561224';'135634963';'0';'0';'0';'0';'0';'0';'0';'0';'0';'0';'0';'0';'0';'0';'0';'0';'0';'0';'0';'0';'0';'0';'&'
'1';'606117939';'Classis Pirate Set(Kooh)';'0';'0';'e_set_02';'0';'0';'0';'520000';'0';'0';'0';'19';'0';'0';'0';'0';'0';'0';'0';'0';'0';'0';'0';'0';'0';'0';'0';'0';'0';'0';'0';'135544950';'135585882';'135626756';'135635005';'0';'0';'0';'0';'0';'0';'0';'0';'0';'0';'0';'0';'0';'0';'0';'0';'0';'0';'0';'0';'0';'0';'&'
'0';'606118016';'Training Wear(with Kooh)';'0';'0';'e_set_01';'0';'0';'0';'59900';'0';'0';'1';'0';'0';'0';'0';'0';'0';'0';'0';'0';'0';'0';'0';'0';'0';'0';'0';'0';'0';'0';'0';'67108869';'135544960';'135569536';'135585920';'0';'0';'0';'0';'0';'0';'0';'0';'0';'0';'0';'0';'0';'0';'0';'0';'0';'0';'0';'0';'0';'0';'&'
'0';'606118017';'????????(Cn)';'0';'0';'e_set_02';'0';'0';'0';'450';'0';'0';'1';'0';'0';'0';'0';'0';'0';'0';'0';'0';'0';'0';'0';'0';'0';'0';'0';'0';'0';'0';'0';'67108869';'135544878';'135686167';'0';'0';'0';'0';'0';'0';'0';'0';'0';'0';'0';'0';'0';'0';'0';'0';'0';'0';'0';'0';'0';'0';'0';'&'
'1';'606126080';'Devil Blue Set';'0';'0';'g_set_01';'0';'0';'0';'58000';'58000';'0';'1';'1';'0';'0';'0';'0';'0';'0';'0';'0';'0';'0';'0';'0';'0';'0';'0';'0';'0';'0';'0';'67108870';'135806979';'135831555';'0';'0';'0';'0';'0';'0';'0';'0';'0';'0';'0';'0';'0';'0';'0';'0';'0';'0';'0';'0';'0';'0';'0';'&'
'1';'606126081';'Yellow Lady Set';'0';'0';'g_set_01';'0';'0';'0';'54900';'54900';'0';'1';'1';'0';'0';'0';'0';'0';'0';'0';'0';'0';'0';'0';'0';'0';'0';'0';'0';'0';'0';'0';'67108870';'135806980';'135823362';'135831556';'0';'0';'0';'0';'0';'0';'0';'0';'0';'0';'0';'0';'0';'0';'0';'0';'0';'0';'0';'0';'0';'0';'&'
'1';'606126082';'ﾪ￘ﾴￇ￨ￒￂﾹ￩ￓ Set1 (ￍￒￃￔﾹ ﾤￃﾺﾪ￘ﾴ)';'0';'0';'g_set_01';'0';'0';'0';'59900';'59900';'0';'1';'0';'0';'0';'0';'0';'0';'0';'0';'0';'0';'0';'0';'0';'0';'0';'0';'0';'0';'0';'0';'67108870';'135806983';'135831559';'135847936';'0';'0';'0';'0';'0';'0';'0';'0';'0';'0';'0';'0';'0';'0';'0';'0';'0';'0';'0';'0';'0';'0';'&'
'1';'606126083';'ﾪ￘ﾴￇ￨ￒￂﾹ￩ￓ Set2 (ￍￒￃￔﾹ ﾤￃﾺﾪ￘ﾴ)';'0';'0';'g_set_01';'0';'0';'0';'59900';'59900';'0';'1';'0';'0';'0';'0';'0';'0';'0';'0';'0';'0';'0';'0';'0';'0';'0';'0';'0';'0';'0';'0';'67108870';'135806984';'135831559';'135847936';'0';'0';'0';'0';'0';'0';'0';'0';'0';'0';'0';'0';'0';'0';'0';'0';'0';'0';'0';'0';'0';'0';'&'
'0';'606126084';'Swimsuit Set(Arin) (JP)';'0';'0';'g_set_01';'0';'0';'0';'10000000';'0';'0';'0';'0';'0';'0';'0';'0';'0';'0';'0';'0';'0';'0';'0';'0';'0';'0';'0';'0';'0';'0';'0';'67108870';'135806984';'135831561';'135847937';'0';'0';'0';'0';'0';'0';'0';'0';'0';'0';'0';'0';'0';'0';'0';'0';'0';'0';'0';'0';'0';'0';'&'
'1';'606126085';'Elvin Set';'0';'0';'g_set_01';'0';'0';'0';'54900';'54900';'0';'1';'1';'0';'0';'0';'0';'0';'0';'0';'0';'0';'0';'0';'0';'0';'0';'0';'0';'0';'0';'0';'67108870';'135806987';'135823364';'135831562';'0';'0';'0';'0';'0';'0';'0';'0';'0';'0';'0';'0';'0';'0';'0';'0';'0';'0';'0';'0';'0';'0';'&'
'0';'606126086';'Kimono Set (Arin)';'0';'0';'g_set_01';'0';'0';'0';'10000000';'0';'0';'0';'0';'0';'0';'0';'0';'0';'0';'0';'0';'0';'0';'0';'0';'0';'0';'0';'0';'0';'0';'0';'135806991';'135831563';'135847949';'0';'0';'0';'0';'0';'0';'0';'0';'0';'0';'0';'0';'0';'0';'0';'0';'0';'0';'0';'0';'0';'0';'0';'&'
'1';'606126087';'Puppy Set';'0';'0';'g_set_01';'0';'0';'0';'36';'34';'0';'1';'0';'0';'0';'0';'0';'0';'0';'0';'0';'0';'0';'0';'0';'0';'0';'0';'0';'0';'0';'0';'67108870';'135864321';'135847939';'0';'0';'0';'0';'0';'0';'0';'0';'0';'0';'0';'0';'0';'0';'0';'0';'0';'0';'0';'0';'0';'0';'0';'&'
'1';'606126088';'Purple Wing Set';'0';'0';'g_set_01';'0';'0';'0';'54900';'54900';'0';'1';'1';'0';'0';'0';'0';'0';'0';'0';'0';'0';'0';'0';'0';'0';'0';'0';'0';'0';'0';'0';'67108870';'135790605';'135806992';'135831564';'0';'0';'0';'0';'0';'0';'0';'0';'0';'0';'0';'0';'0';'0';'0';'0';'0';'0';'0';'0';'0';'0';'&'
'0';'606126089';'?? ??????? (JP)';'0';'0';'g_set_01';'0';'0';'0';'36';'34';'0';'1';'0';'0';'0';'0';'0';'0';'0';'0';'0';'0';'0';'0';'0';'0';'0';'0';'0';'0';'0';'0';'67108870';'135864321';'135872515';'0';'0';'0';'0';'0';'0';'0';'0';'0';'0';'0';'0';'0';'0';'0';'0';'0';'0';'0';'0';'0';'0';'0';'&'
'1';'606126090';'Arin Hanbok';'0';'0';'g_set_01';'0';'0';'0';'49900';'0';'0';'1';'0';'0';'0';'0';'0';'0';'0';'0';'0';'0';'0';'0';'0';'0';'0';'0';'0';'0';'0';'0';'67108870';'135806994';'135790607';'0';'0';'0';'0';'0';'0';'0';'0';'0';'0';'0';'0';'0';'0';'0';'0';'0';'0';'0';'0';'0';'0';'0';'&'
'1';'606126091';'Spring&Autumn Set';'0';'0';'g_set_01';'0';'0';'0';'57900';'57900';'0';'1';'1';'0';'0';'0';'0';'0';'0';'0';'0';'0';'0';'0';'0';'0';'0';'0';'0';'0';'0';'0';'67108870';'135806996';'135823367';'135831568';'0';'0';'0';'0';'0';'0';'0';'0';'0';'0';'0';'0';'0';'0';'0';'0';'0';'0';'0';'0';'0';'0';'&'
'1';'606126092';'Red Chinese Set';'0';'0';'g_set_01';'0';'0';'0';'44900';'44900';'0';'1';'1';'0';'0';'0';'0';'0';'0';'0';'0';'0';'0';'0';'0';'0';'0';'0';'0';'0';'0';'0';'67108870';'135806998';'135831570';'0';'0';'0';'0';'0';'0';'0';'0';'0';'0';'0';'0';'0';'0';'0';'0';'0';'0';'0';'0';'0';'0';'0';'&'
'1';'606126093';'Marine Set';'0';'0';'g_set_02';'0';'0';'0';'10000000';'0';'0';'0';'0';'0';'0';'0';'0';'0';'0';'0';'0';'0';'0';'0';'0';'0';'0';'0';'0';'0';'0';'0';'135807013';'135831580';'135880711';'0';'0';'0';'0';'0';'0';'0';'0';'0';'0';'0';'0';'0';'0';'0';'0';'0';'0';'0';'0';'0';'0';'0';'&'
'0';'606126094';'Kimono Set (Arin)';'0';'0';'g_set_01';'0';'0';'0';'10000000';'0';'0';'0';'0';'0';'0';'0';'0';'0';'0';'0';'0';'0';'0';'0';'0';'0';'0';'0';'0';'0';'0';'0';'67108870';'135806991';'135831563';'135872513';'0';'0';'0';'0';'0';'0';'0';'0';'0';'0';'0';'0';'0';'0';'0';'0';'0';'0';'0';'0';'0';'0';'&'
'1';'606126095';'Red Light Hanbok';'0';'0';'g_set_01';'0';'0';'0';'49900';'0';'0';'1';'0';'0';'0';'0';'0';'0';'0';'0';'0';'0';'0';'0';'0';'0';'0';'0';'0';'0';'0';'0';'67108870';'135807017';'135790607';'0';'0';'0';'0';'0';'0';'0';'0';'0';'0';'0';'0';'0';'0';'0';'0';'0';'0';'0';'0';'0';'0';'0';'&'
'0';'606126097';'Sheep Set (Arin)(TW)';'0';'0';'g_set_01';'0';'0';'0';'10000000';'0';'0';'1';'0';'0';'0';'0';'0';'0';'0';'0';'0';'0';'0';'0';'0';'0';'0';'0';'0';'0';'0';'0';'67108870';'135807015';'135831582';'135790621';'0';'0';'0';'0';'0';'0';'0';'0';'0';'0';'0';'0';'0';'0';'0';'0';'0';'0';'0';'0';'0';'0';'&'
'1';'606126098';'Choco Sheep Set(Arin)';'0';'0';'g_set_01';'0';'0';'0';'10000000';'0';'0';'1';'0';'0';'0';'0';'0';'0';'0';'0';'0';'0';'0';'0';'0';'0';'0';'0';'0';'0';'0';'0';'67108870';'135807016';'135831583';'135790622';'0';'0';'0';'0';'0';'0';'0';'0';'0';'0';'0';'0';'0';'0';'0';'0';'0';'0';'0';'0';'0';'0';'&'
'1';'606126099';'Tecmo Swimsuit  (Arin)(JP)';'0';'0';'g_set_02';'0';'0';'0';'1000000';'0';'0';'0';'0';'0';'0';'0';'0';'0';'0';'0';'0';'0';'0';'0';'0';'0';'0';'0';'0';'0';'0';'0';'135807023';'135831589';'136069135';'0';'0';'0';'0';'0';'0';'0';'0';'0';'0';'0';'0';'0';'0';'0';'0';'0';'0';'0';'0';'0';'0';'0';'&'
'0';'606126102';'????????(Cn)';'0';'0';'m_set_02';'0';'0';'0';'450';'0';'0';'1';'0';'0';'0';'0';'0';'0';'0';'0';'0';'0';'0';'0';'0';'0';'0';'0';'0';'0';'0';'0';'67108870';'135807029';'135899159';'0';'0';'0';'0';'0';'0';'0';'0';'0';'0';'0';'0';'0';'0';'0';'0';'0';'0';'0';'0';'0';'0';'0';'&'
'0';'606126104';'??????????(????)(TW)';'0';'0';'g_set_01';'0';'0';'0';'10000000';'0';'0';'0';'0';'0';'0';'0';'0';'0';'0';'0';'0';'0';'0';'0';'0';'0';'0';'0';'0';'0';'0';'0';'67108870';'135807025';'135831591';'135815172';'135790625';'0';'0';'0';'0';'0';'0';'0';'0';'0';'0';'0';'0';'0';'0';'0';'0';'0';'0';'0';'0';'0';'&'
'0';'606126105';'?????????(????)(TW)';'0';'0';'g_set_01';'0';'0';'0';'10000000';'0';'0';'0';'0';'0';'0';'0';'0';'0';'0';'0';'0';'0';'0';'0';'0';'0';'0';'0';'0';'0';'0';'0';'67108870';'135807026';'135831592';'135815173';'135790626';'0';'0';'0';'0';'0';'0';'0';'0';'0';'0';'0';'0';'0';'0';'0';'0';'0';'0';'0';'0';'0';'&'
'0';'606126106';'??????(????)(CN)';'0';'0';'g_set_01';'0';'0';'0';'10000000';'0';'0';'1';'0';'0';'0';'0';'0';'0';'0';'0';'0';'0';'0';'0';'0';'0';'0';'0';'0';'0';'0';'0';'67108870';'135807015';'135790621';'0';'0';'0';'0';'0';'0';'0';'0';'0';'0';'0';'0';'0';'0';'0';'0';'0';'0';'0';'0';'0';'0';'0';'&'
'0';'606126108';'???????(????)(Cn)';'0';'0';'g_set_01';'0';'0';'0';'10000000';'0';'0';'0';'0';'0';'0';'0';'0';'0';'0';'0';'0';'0';'0';'0';'0';'0';'0';'0';'0';'0';'0';'0';'67108870';'135807018';'135831585';'135815171';'135847952';'0';'0';'0';'0';'0';'0';'0';'0';'0';'0';'0';'0';'0';'0';'0';'0';'0';'0';'0';'0';'0';'&'
'1';'606134272';'White Veble Set';'0';'0';'h_set_01';'0';'0';'0';'41900';'41900';'0';'1';'1';'0';'0';'0';'0';'0';'0';'0';'0';'0';'0';'0';'0';'0';'0';'0';'0';'0';'0';'0';'67108871';'136069121';'136093697';'136110081';'0';'0';'0';'0';'0';'0';'0';'0';'0';'0';'0';'0';'0';'0';'0';'0';'0';'0';'0';'0';'0';'0';'&'
'1';'606134273';'River Battle Set';'0';'0';'h_set_01';'0';'0';'0';'39900';'39900';'0';'1';'1';'0';'0';'0';'0';'0';'0';'0';'0';'0';'0';'0';'0';'0';'0';'0';'0';'0';'0';'0';'67108871';'136069124';'136093700';'136110084';'0';'0';'0';'0';'0';'0';'0';'0';'0';'0';'0';'0';'0';'0';'0';'0';'0';'0';'0';'0';'0';'0';'&'
'1';'606134274';'Red Belt Set';'0';'0';'h_set_01';'0';'0';'0';'44900';'44900';'0';'1';'1';'0';'0';'0';'0';'0';'0';'0';'0';'0';'0';'0';'0';'0';'0';'0';'0';'0';'0';'0';'67108871';'136069125';'136110085';'0';'0';'0';'0';'0';'0';'0';'0';'0';'0';'0';'0';'0';'0';'0';'0';'0';'0';'0';'0';'0';'0';'0';'&'
'1';'606134275';'Black Plane Hanbok Set';'0';'0';'h_set_01';'0';'0';'0';'44900';'0';'0';'1';'0';'0';'0';'0';'0';'0';'0';'0';'0';'0';'0';'0';'0';'0';'0';'0';'0';'0';'0';'0';'67108871';'136052740';'136069130';'0';'0';'0';'0';'0';'0';'0';'0';'0';'0';'0';'0';'0';'0';'0';'0';'0';'0';'0';'0';'0';'0';'0';'&'
'1';'606134276';'Blue Plane Hanbok Set';'0';'0';'h_set_01';'0';'0';'0';'44900';'0';'0';'1';'0';'0';'0';'0';'0';'0';'0';'0';'0';'0';'0';'0';'0';'0';'0';'0';'0';'0';'0';'0';'67108871';'136052740';'136069131';'0';'0';'0';'0';'0';'0';'0';'0';'0';'0';'0';'0';'0';'0';'0';'0';'0';'0';'0';'0';'0';'0';'0';'&'
'1';'606134277';'Black Wedding Set';'0';'0';'h_set_01';'0';'0';'0';'39900';'39900';'0';'1';'0';'0';'0';'0';'0';'0';'0';'0';'0';'0';'0';'0';'0';'0';'0';'0';'0';'0';'0';'0';'67108871';'136069132';'136093702';'136110090';'0';'0';'0';'0';'0';'0';'0';'0';'0';'0';'0';'0';'0';'0';'0';'0';'0';'0';'0';'0';'0';'0';'&'
'1';'606134278';'Waiter Set';'0';'0';'h_set_01';'0';'0';'0';'51900';'51900';'0';'1';'1';'0';'0';'0';'0';'0';'0';'0';'0';'0';'0';'0';'0';'0';'0';'0';'0';'0';'0';'0';'67108871';'136069133';'136093703';'136110091';'0';'0';'0';'0';'0';'0';'0';'0';'0';'0';'0';'0';'0';'0';'0';'0';'0';'0';'0';'0';'0';'0';'&'
'0';'606134279';'Tecmo Swimsuit (Kaz)(JP)';'0';'0';'h_set_02';'0';'0';'0';'1000000';'0';'0';'0';'0';'0';'0';'0';'0';'0';'0';'0';'0';'0';'0';'0';'0';'0';'0';'0';'0';'0';'0';'0';'136069135';'136110093';'136052743';'0';'0';'0';'0';'0';'0';'0';'0';'0';'0';'0';'0';'0';'0';'0';'0';'0';'0';'0';'0';'0';'0';'0';'&'
'0';'606134280';'???????(??)(JP)';'0';'0';'h_set_02';'0';'0';'0';'1000000';'0';'0';'0';'0';'0';'0';'0';'0';'0';'0';'0';'0';'0';'0';'0';'0';'0';'0';'0';'0';'0';'0';'0';'136085507';'136161292';'136052746';'136069137';'136110094';'0';'0';'0';'0';'0';'0';'0';'0';'0';'0';'0';'0';'0';'0';'0';'0';'0';'0';'0';'0';'0';'&'
'0';'606134285';'?? ?? ???';'11';'0';'h_set_01';'0';'0';'0';'76';'67';'0';'1';'0';'0';'0';'0';'0';'0';'0';'0';'0';'0';'0';'0';'0';'0';'0';'0';'0';'0';'0';'0';'67108871';'268435469';'436207633';'436207618';'436207680';'0';'0';'0';'0';'0';'0';'0';'0';'0';'0';'0';'0';'0';'0';'0';'0';'0';'0';'0';'0';'0';'&'
'0';'606134286';'?? ?? ???';'0';'0';'h_set_01';'0';'0';'0';'88';'79';'0';'1';'0';'0';'0';'0';'0';'0';'0';'0';'0';'0';'0';'0';'0';'0';'0';'0';'0';'0';'0';'0';'67108871';'268435463';'436207633';'436207618';'436207680';'0';'0';'0';'0';'0';'0';'0';'0';'0';'0';'0';'0';'0';'0';'0';'0';'0';'0';'0';'0';'0';'&'
'1';'606134287';'Officer Set ';'0';'0';'h_set_02';'0';'0';'0';'44900';'0';'0';'1';'1';'0';'0';'0';'0';'0';'0';'0';'0';'0';'0';'0';'0';'0';'0';'0';'0';'0';'0';'0';'136069137';'136110094';'0';'0';'0';'0';'0';'0';'0';'0';'0';'0';'0';'0';'0';'0';'0';'0';'0';'0';'0';'0';'0';'0';'0';'0';'&'
'1';'606134296';'Basic Slate Set(Kaz)';'0';'0';'h_set_02';'0';'0';'0';'520000';'0';'0';'0';'19';'0';'0';'0';'0';'0';'0';'0';'0';'0';'0';'0';'0';'0';'0';'0';'0';'0';'0';'0';'136069184';'136110122';'136085521';'0';'0';'0';'0';'0';'0';'0';'0';'0';'0';'0';'0';'0';'0';'0';'0';'0';'0';'0';'0';'0';'0';'0';'&'
'1';'606134299';'Funky Waiter Set(Kaz)';'0';'0';'h_set_01';'0';'0';'0';'59900';'0';'0';'1';'0';'0';'0';'0';'0';'0';'0';'0';'0';'0';'0';'0';'0';'0';'0';'0';'0';'0';'0';'0';'67108871';'136069185';'136110123';'136085522';'136161301';'0';'0';'0';'0';'0';'0';'0';'0';'0';'0';'0';'0';'0';'0';'0';'0';'0';'0';'0';'0';'0';'&'
'1';'606142464';'Shining Concert Set (Lucia)';'0';'0';'i_set_01';'0';'0';'0';'32900';'0';'0';'1';'1';'0';'0';'0';'0';'0';'0';'0';'0';'0';'0';'0';'0';'0';'0';'0';'0';'0';'0';'0';'67108872';'136331264';'136372224';'0';'0';'0';'0';'0';'0';'0';'0';'0';'0';'0';'0';'0';'0';'0';'0';'0';'0';'0';'0';'0';'0';'0';'&'
'1';'606142465';'Pink Ribbon Idol Set (Lucia)';'0';'0';'i_set_01';'0';'0';'0';'39900';'0';'0';'1';'1';'0';'0';'0';'0';'0';'0';'0';'0';'0';'0';'0';'0';'0';'0';'0';'0';'0';'0';'0';'67108872';'136331265';'136355840';'136372225';'0';'0';'0';'0';'0';'0';'0';'0';'0';'0';'0';'0';'0';'0';'0';'0';'0';'0';'0';'0';'0';'0';'&'
'1';'606142473';'Light Red Hanbok Set (Lucia)';'0';'0';'i_set_01';'0';'0';'0';'44900';'0';'0';'1';'0';'0';'0';'0';'0';'0';'0';'0';'0';'0';'0';'0';'0';'0';'0';'0';'0';'0';'0';'0';'67108872';'136331298';'136372253';'136445961';'0';'0';'0';'0';'0';'0';'0';'0';'0';'0';'0';'0';'0';'0';'0';'0';'0';'0';'0';'0';'0';'0';'&'
'1';'606142474';'Dark Blue Hanbok Set (Lucia)';'0';'0';'i_set_01';'0';'0';'0';'44900';'0';'0';'1';'0';'0';'0';'0';'0';'0';'0';'0';'0';'0';'0';'0';'0';'0';'0';'0';'0';'0';'0';'0';'67108872';'136331299';'136372254';'136445962';'0';'0';'0';'0';'0';'0';'0';'0';'0';'0';'0';'0';'0';'0';'0';'0';'0';'0';'0';'0';'0';'0';'&'
'0';'606142476';'?? ??? ???';'0';'0';'i_set_01';'0';'0';'0';'76';'67';'0';'1';'0';'0';'0';'0';'0';'0';'0';'0';'0';'0';'0';'0';'0';'0';'0';'0';'0';'0';'0';'0';'67108872';'268435469';'436207633';'436207618';'436207680';'0';'0';'0';'0';'0';'0';'0';'0';'0';'0';'0';'0';'0';'0';'0';'0';'0';'0';'0';'0';'0';'&'
'0';'606142477';'?? ??? ???';'11';'0';'i_set_01';'0';'0';'0';'88';'79';'0';'1';'0';'0';'0';'0';'0';'0';'0';'0';'0';'0';'0';'0';'0';'0';'0';'0';'0';'0';'0';'0';'67108872';'268435463';'436207633';'436207618';'436207680';'0';'0';'0';'0';'0';'0';'0';'0';'0';'0';'0';'0';'0';'0';'0';'0';'0';'0';'0';'0';'0';'&'
'0';'606142485';'????? ??(?????)';'0';'0';'i_set_01';'0';'0';'0';'92';'0';'0';'1';'17';'0';'0';'0';'0';'0';'0';'0';'0';'0';'0';'0';'0';'0';'0';'0';'0';'0';'0';'0';'67108872';'136331318';'136347672';'136372267';'136388643';'0';'0';'0';'0';'0';'0';'0';'0';'0';'0';'0';'0';'0';'0';'0';'0';'0';'0';'0';'0';'0';'&'
'1';'606142486';'Deep Blue Uniform Set (Lucia)';'0';'0';'i_set_02';'0';'0';'0';'520000';'0';'0';'0';'19';'0';'0';'0';'0';'0';'0';'0';'0';'0';'0';'0';'0';'0';'0';'0';'0';'0';'0';'0';'136314903';'136331314';'136372264';'0';'0';'0';'0';'0';'0';'0';'0';'0';'0';'0';'0';'0';'0';'0';'0';'0';'0';'0';'0';'0';'0';'0';'&'
'1';'606150656';'TrumpﾠPinkﾠSetﾠ(Nell)';'0';'0';'j_set_01';'0';'0';'0';'59900';'0';'0';'1';'17';'0';'0';'0';'0';'0';'0';'0';'0';'0';'0';'0';'0';'0';'0';'0';'0';'0';'0';'0';'67108873';'136593412';'136609795';'136634370';'0';'0';'0';'0';'0';'0';'0';'0';'0';'0';'0';'0';'0';'0';'0';'0';'0';'0';'0';'0';'0';'0';'&'
'1';'606150658';'SSAF Set(Nell)';'0';'0';'j_set_02';'0';'0';'0';'10000000';'0';'0';'0';'0';'0';'0';'0';'0';'0';'0';'0';'0';'0';'0';'0';'0';'0';'0';'0';'0';'0';'0';'0';'136577024';'136593409';'136609793';'136617985';'136634369';'0';'0';'0';'0';'0';'0';'0';'0';'0';'0';'0';'0';'0';'0';'0';'0';'0';'0';'0';'0';'0';'&'
'1';'608174091';'???????(??)';'0';'0';'m_set_02';'0';'0';'0';'1000000';'0';'0';'0';'0';'0';'0';'0';'0';'0';'0';'0';'0';'0';'0';'0';'0';'0';'0';'0';'0';'0';'0';'0';'134242340';'134258713';'134348802';'134283289';'134252550';'0';'0';'0';'0';'0';'0';'0';'0';'0';'0';'0';'0';'0';'0';'0';'0';'0';'0';'0';'0';'0';'&'
'0';'608174092';'Sky Pajamas Set (Nuri)';'0';'0';'m_set_02';'0';'0';'0';'1000000';'0';'0';'0';'0';'0';'0';'0';'0';'0';'0';'0';'0';'0';'0';'0';'0';'0';'0';'0';'0';'0';'0';'0';'134242347';'134258715';'134283293';'134219825';'0';'0';'0';'0';'0';'0';'0';'0';'0';'0';'0';'0';'0';'0';'0';'0';'0';'0';'0';'0';'0';'0';'&'
'1';'608174093';'Oracle Set2';'0';'0';'m_set_02';'0';'0';'0';'1000000';'0';'0';'0';'0';'0';'0';'0';'0';'0';'0';'0';'0';'0';'0';'0';'0';'0';'0';'0';'0';'0';'0';'0';'134242353';'134283297';'134252554';'0';'0';'0';'0';'0';'0';'0';'0';'0';'0';'0';'0';'0';'0';'0';'0';'0';'0';'0';'0';'0';'0';'0';'&'
'1';'608174094';'Oracle Set';'0';'0';'m_set_02';'0';'0';'0';'1000000';'0';'0';'0';'0';'0';'0';'0';'0';'0';'0';'0';'0';'0';'0';'0';'0';'0';'0';'0';'0';'0';'0';'0';'134242354';'134283298';'134252555';'0';'0';'0';'0';'0';'0';'0';'0';'0';'0';'0';'0';'0';'0';'0';'0';'0';'0';'0';'0';'0';'0';'0';'&'
'1';'608174095';'Pirate Set (Nuri)';'0';'0';'m_set_02';'0';'0';'0';'10000000';'0';'0';'0';'0';'0';'0';'0';'0';'0';'0';'0';'0';'0';'0';'0';'0';'0';'0';'0';'0';'0';'0';'0';'134242359';'134258725';'134283301';'134348803';'134252557';'0';'0';'0';'0';'0';'0';'0';'0';'0';'0';'0';'0';'0';'0';'0';'0';'0';'0';'0';'0';'0';'&'
'1';'608174097';'Pangya Baseball Set (Nuri)';'0';'0';'m_set_02';'0';'0';'0';'10000000';'0';'0';'0';'0';'0';'0';'0';'0';'0';'0';'0';'0';'0';'0';'0';'0';'0';'0';'0';'0';'0';'0';'0';'134242368';'134258727';'134283304';'134219838';'0';'0';'0';'0';'0';'0';'0';'0';'0';'0';'0';'0';'0';'0';'0';'0';'0';'0';'0';'0';'0';'0';'&'
'1';'608174102';'White Fur Coat Set (Nuri)';'0';'0';'m_set_02';'0';'0';'0';'10000000';'0';'0';'0';'0';'0';'0';'0';'0';'0';'0';'0';'0';'0';'0';'0';'0';'0';'0';'0';'0';'0';'0';'0';'134242374';'134258729';'134283309';'134252561';'134348805';'0';'0';'0';'0';'0';'0';'0';'0';'0';'0';'0';'0';'0';'0';'0';'0';'0';'0';'0';'0';'0';'&'
'1';'608174106';'2009 Swimsuit (Nuri)';'0';'0';'m_set_02';'0';'0';'0';'1000000';'0';'0';'0';'0';'0';'0';'0';'0';'0';'0';'0';'0';'0';'0';'0';'0';'0';'0';'0';'0';'0';'0';'0';'134258733';'134283313';'134348808';'134242381';'134326289';'0';'0';'0';'0';'0';'0';'0';'0';'0';'0';'0';'0';'0';'0';'0';'0';'0';'0';'0';'0';'0';'&'
'1';'608182281';'Gold Butterfly Set';'0';'0';'f_set_02';'0';'0';'0';'10000000';'0';'0';'0';'0';'0';'0';'0';'0';'0';'0';'0';'0';'0';'0';'0';'0';'0';'0';'0';'0';'0';'0';'0';'134496302';'134537247';'134481963';'134506501';'0';'0';'0';'0';'0';'0';'0';'0';'0';'0';'0';'0';'0';'0';'0';'0';'0';'0';'0';'0';'0';'0';'&'
'1';'608182284';'Black Curl Set (ￎￒﾹ￐ ﾤￃﾺﾪ￘ﾴ)';'0';'0';'f_set_02';'0';'0';'0';'10000000';'0';'0';'0';'0';'0';'0';'0';'0';'0';'0';'0';'0';'0';'0';'0';'0';'0';'0';'0';'0';'0';'0';'0';'134496307';'134537250';'134481968';'134506502';'0';'0';'0';'0';'0';'0';'0';'0';'0';'0';'0';'0';'0';'0';'0';'0';'0';'0';'0';'0';'0';'0';'&'
'1';'608182285';'White Curl Set (ￎￒﾹ￐ ﾤￃﾺﾪ￘ﾴ)';'0';'0';'f_set_02';'0';'0';'0';'10000000';'0';'0';'0';'0';'0';'0';'0';'0';'0';'0';'0';'0';'0';'0';'0';'0';'0';'0';'0';'0';'0';'0';'0';'134496308';'134537251';'134481969';'134506503';'0';'0';'0';'0';'0';'0';'0';'0';'0';'0';'0';'0';'0';'0';'0';'0';'0';'0';'0';'0';'0';'0';'&'
'1';'608182287';'???????(??)';'0';'0';'f_set_02';'0';'0';'0';'10000000';'0';'0';'0';'0';'0';'0';'0';'0';'0';'0';'0';'0';'0';'0';'0';'0';'0';'0';'0';'0';'0';'0';'0';'134496315';'134512660';'134610946';'134537257';'134506504';'0';'0';'0';'0';'0';'0';'0';'0';'0';'0';'0';'0';'0';'0';'0';'0';'0';'0';'0';'0';'0';'&'
'0';'608182291';'White Swimsuit Set (Hana)';'0';'0';'f_set_02';'0';'0';'0';'10000000';'0';'0';'0';'0';'0';'0';'0';'0';'0';'0';'0';'0';'0';'0';'0';'0';'0';'0';'0';'0';'0';'0';'0';'134496324';'134610948';'0';'0';'0';'0';'0';'0';'0';'0';'0';'0';'0';'0';'0';'0';'0';'0';'0';'0';'0';'0';'0';'0';'0';'0';'&'
'0';'608182293';'Pink Pajamas Set (Hana)';'0';'0';'f_set_02';'0';'0';'0';'10000000';'0';'0';'0';'0';'0';'0';'0';'0';'0';'0';'0';'0';'0';'0';'0';'0';'0';'0';'0';'0';'0';'0';'0';'134496331';'134481976';'134537264';'0';'0';'0';'0';'0';'0';'0';'0';'0';'0';'0';'0';'0';'0';'0';'0';'0';'0';'0';'0';'0';'0';'0';'&'
'1';'608182294';'Yellow Cat Set';'0';'0';'f_set_02';'0';'0';'0';'10000000';'0';'0';'0';'0';'0';'0';'0';'0';'0';'0';'0';'0';'0';'0';'0';'0';'0';'0';'0';'0';'0';'0';'0';'134496336';'134537269';'134506506';'134481980';'134496336';'0';'0';'0';'0';'0';'0';'0';'0';'0';'0';'0';'0';'0';'0';'0';'0';'0';'0';'0';'0';'0';'&'
'1';'608182296';'Crelic Set';'0';'0';'f_set_02';'0';'0';'0';'10000000';'0';'0';'0';'0';'0';'0';'0';'0';'0';'0';'0';'0';'0';'0';'0';'0';'0';'0';'0';'0';'0';'0';'0';'134496341';'134537273';'134481985';'134506508';'0';'0';'0';'0';'0';'0';'0';'0';'0';'0';'0';'0';'0';'0';'0';'0';'0';'0';'0';'0';'0';'0';'&'
'1';'608182297';'pink Crelic Set';'0';'0';'f_set_02';'0';'0';'0';'10000000';'0';'0';'0';'0';'0';'0';'0';'0';'0';'0';'0';'0';'0';'0';'0';'0';'0';'0';'0';'0';'0';'0';'0';'134496342';'134537274';'134481986';'134506509';'0';'0';'0';'0';'0';'0';'0';'0';'0';'0';'0';'0';'0';'0';'0';'0';'0';'0';'0';'0';'0';'0';'&'
'1';'608182298';'Gothic Dress Set (Hana)';'0';'0';'f_set_02';'0';'0';'0';'10000000';'0';'0';'0';'0';'0';'0';'0';'0';'0';'0';'0';'0';'0';'0';'0';'0';'0';'0';'0';'0';'0';'0';'0';'134496346';'134537275';'134506510';'134481987';'0';'0';'0';'0';'0';'0';'0';'0';'0';'0';'0';'0';'0';'0';'0';'0';'0';'0';'0';'0';'0';'0';'&'
'1';'608182299';'Wild Pirate Set (Hana)';'0';'0';'f_set_02';'0';'0';'0';'10000000';'0';'0';'0';'0';'0';'0';'0';'0';'0';'0';'0';'0';'0';'0';'0';'0';'0';'0';'0';'0';'0';'0';'0';'134496353';'134537282';'134481992';'134506512';'0';'0';'0';'0';'0';'0';'0';'0';'0';'0';'0';'0';'0';'0';'0';'0';'0';'0';'0';'0';'0';'0';'&'
'0';'608182301';'??????????(??)';'0';'0';'f_set_02';'0';'0';'0';'10000000';'0';'0';'0';'0';'0';'0';'0';'0';'0';'0';'0';'0';'0';'0';'0';'0';'0';'0';'0';'0';'0';'0';'0';'134537288';'134496365';'134482000';'134506513';'0';'0';'0';'0';'0';'0';'0';'0';'0';'0';'0';'0';'0';'0';'0';'0';'0';'0';'0';'0';'0';'0';'&'
'1';'608182302';'Tennis Uniform Set (Hana)';'0';'0';'f_set_02';'0';'0';'0';'10000000';'0';'0';'0';'0';'0';'0';'0';'0';'0';'0';'0';'0';'0';'0';'0';'0';'0';'0';'0';'0';'0';'0';'0';'134496367';'134537290';'134482002';'134506515';'0';'0';'0';'0';'0';'0';'0';'0';'0';'0';'0';'0';'0';'0';'0';'0';'0';'0';'0';'0';'0';'0';'&'
'1';'608182304';'?????????(??)';'0';'0';'f_set_02';'0';'0';'0';'10000000';'0';'0';'0';'0';'0';'0';'0';'0';'0';'0';'0';'0';'0';'0';'0';'0';'0';'0';'0';'0';'0';'0';'0';'134496368';'134537292';'134482004';'134506517';'0';'0';'0';'0';'0';'0';'0';'0';'0';'0';'0';'0';'0';'0';'0';'0';'0';'0';'0';'0';'0';'0';'&'
'1';'608182310';'Snow Flower Dress Set (Hana)';'0';'0';'f_set_02';'0';'0';'0';'10000000';'0';'0';'0';'0';'0';'0';'0';'0';'0';'0';'0';'0';'0';'0';'0';'0';'0';'0';'0';'0';'0';'0';'0';'134496373';'134537297';'134482012';'134506520';'0';'0';'0';'0';'0';'0';'0';'0';'0';'0';'0';'0';'0';'0';'0';'0';'0';'0';'0';'0';'0';'0';'&'
'1';'608182312';'Pink Nurse Dres(Hana)';'0';'0';'f_set_02';'0';'0';'0';'10000000';'0';'0';'0';'0';'0';'0';'0';'0';'0';'0';'0';'0';'0';'0';'0';'0';'0';'0';'0';'0';'0';'0';'0';'134496375';'134537299';'134482014';'0';'0';'0';'0';'0';'0';'0';'0';'0';'0';'0';'0';'0';'0';'0';'0';'0';'0';'0';'0';'0';'0';'0';'&'
'1';'608182316';'Fruit Style Swimsuit Set (Hana)';'0';'0';'f_set_02';'0';'0';'0';'10000000';'0';'0';'0';'0';'0';'0';'0';'0';'0';'0';'0';'0';'0';'0';'0';'0';'0';'0';'0';'0';'0';'0';'0';'134496383';'134537303';'134610949';'0';'0';'0';'0';'0';'0';'0';'0';'0';'0';'0';'0';'0';'0';'0';'0';'0';'0';'0';'0';'0';'0';'0';'&'
'1';'608182317';'Funky Waiter Set(Hana)';'0';'0';'f_set_02';'0';'0';'0';'10000000';'0';'0';'0';'0';'0';'0';'0';'0';'0';'0';'0';'0';'0';'0';'0';'0';'0';'0';'0';'0';'0';'0';'0';'134496377';'134537301';'134506522';'134482017';'0';'0';'0';'0';'0';'0';'0';'0';'0';'0';'0';'0';'0';'0';'0';'0';'0';'0';'0';'0';'0';'0';'&'
'1';'608182319';'Concert Set(Hana)';'0';'0';'f_set_02';'0';'0';'0';'10000000';'0';'0';'0';'0';'0';'0';'0';'0';'0';'0';'0';'0';'0';'0';'0';'0';'0';'0';'0';'0';'0';'0';'0';'134496402';'134537318';'134613004';'0';'0';'0';'0';'0';'0';'0';'0';'0';'0';'0';'0';'0';'0';'0';'0';'0';'0';'0';'0';'0';'0';'0';'&'
'1';'608182324';'IDOL Set(Hana)';'0';'0';'f_set_02';'0';'0';'0';'10000000';'0';'0';'0';'0';'0';'0';'0';'0';'0';'0';'0';'0';'0';'0';'0';'0';'0';'0';'0';'0';'0';'0';'0';'134496395';'134537311';'134482028';'134506529';'0';'0';'0';'0';'0';'0';'0';'0';'0';'0';'0';'0';'0';'0';'0';'0';'0';'0';'0';'0';'0';'0';'&'
'1';'608182325';'Alice Set (Hana)';'0';'0';'f_set_02';'0';'0';'0';'10000000';'0';'0';'0';'0';'0';'0';'0';'0';'0';'0';'0';'0';'0';'0';'0';'0';'0';'0';'0';'0';'0';'0';'0';'134496396';'134537312';'134610952';'0';'0';'0';'0';'0';'0';'0';'0';'0';'0';'0';'0';'0';'0';'0';'0';'0';'0';'0';'0';'0';'0';'0';'&'
'1';'608182326';'Black Wedding Set (Hana)';'0';'0';'f_set_02';'0';'0';'0';'10000000';'0';'0';'0';'0';'0';'0';'0';'0';'0';'0';'0';'0';'0';'0';'0';'0';'0';'0';'0';'0';'0';'0';'0';'134496397';'134537314';'134588448';'0';'0';'0';'0';'0';'0';'0';'0';'0';'0';'0';'0';'0';'0';'0';'0';'0';'0';'0';'0';'0';'0';'0';'&'
'1';'608190476';'???????(??)';'0';'0';'a_set_02';'0';'0';'0';'1000000';'0';'0';'0';'0';'0';'0';'0';'0';'0';'0';'0';'0';'0';'0';'0';'0';'0';'0';'0';'0';'0';'0';'0';'134873090';'134758430';'134776839';'134782995';'134799381';'0';'0';'0';'0';'0';'0';'0';'0';'0';'0';'0';'0';'0';'0';'0';'0';'0';'0';'0';'0';'0';'&'
'0';'608190477';'Pajamas Set (Arthur)';'0';'0';'a_set_02';'0';'0';'0';'10000000';'0';'0';'0';'0';'0';'0';'0';'0';'0';'0';'0';'0';'0';'0';'0';'0';'0';'0';'0';'0';'0';'0';'0';'134758435';'134782999';'134799385';'0';'0';'0';'0';'0';'0';'0';'0';'0';'0';'0';'0';'0';'0';'0';'0';'0';'0';'0';'0';'0';'0';'0';'&'
'1';'608190478';'Fantasy Set (Arthur)';'0';'0';'a_set_02';'0';'0';'0';'10000000';'0';'0';'0';'0';'0';'0';'0';'0';'0';'0';'0';'0';'0';'0';'0';'0';'0';'0';'0';'0';'0';'0';'0';'134758441';'134744096';'134776843';'0';'0';'0';'0';'0';'0';'0';'0';'0';'0';'0';'0';'0';'0';'0';'0';'0';'0';'0';'0';'0';'0';'0';'&'
'1';'608190479';'Pirate Set (Arthur)';'0';'0';'a_set_02';'0';'0';'0';'10000000';'0';'0';'0';'0';'0';'0';'0';'0';'0';'0';'0';'0';'0';'0';'0';'0';'0';'0';'0';'0';'0';'0';'0';'134758446';'134783003';'134799388';'134744102';'134776845';'0';'0';'0';'0';'0';'0';'0';'0';'0';'0';'0';'0';'0';'0';'0';'0';'0';'0';'0';'0';'0';'&'
'1';'608190480';'Sor.Arthur Set (ￍￒ￠ﾸￍￃ￬ ﾤￃﾺﾪ￘ﾴ)';'0';'0';'a_set_02';'0';'0';'0';'10000000';'0';'0';'0';'0';'0';'0';'0';'0';'0';'0';'0';'0';'0';'0';'0';'0';'0';'0';'0';'0';'0';'0';'0';'134758420';'134782991';'134799374';'134850567';'134776837';'0';'0';'0';'0';'0';'0';'0';'0';'0';'0';'0';'0';'0';'0';'0';'0';'0';'0';'0';'0';'0';'&'
'1';'608190485';'Snow Flower Set (Arthur)';'0';'0';'a_set_02';'0';'0';'0';'10000000';'0';'0';'0';'0';'0';'0';'0';'0';'0';'0';'0';'0';'0';'0';'0';'0';'0';'0';'0';'0';'0';'0';'0';'134758457';'134783006';'134799393';'134776848';'0';'0';'0';'0';'0';'0';'0';'0';'0';'0';'0';'0';'0';'0';'0';'0';'0';'0';'0';'0';'0';'0';'&'
'1';'608190487';'Marine guard set (Arthur)';'0';'0';'a_set_02';'0';'0';'0';'10000000';'0';'0';'0';'0';'0';'0';'0';'0';'0';'0';'0';'0';'0';'0';'0';'0';'0';'0';'0';'0';'0';'0';'0';'134758462';'134783009';'134799396';'134809628';'134873091';'0';'0';'0';'0';'0';'0';'0';'0';'0';'0';'0';'0';'0';'0';'0';'0';'0';'0';'0';'0';'0';'&'
'1';'608190494';'Franken Set';'0';'0';'a_set_02';'0';'0';'0';'10000000';'0';'0';'0';'0';'0';'0';'0';'0';'0';'0';'0';'0';'0';'0';'0';'0';'0';'0';'0';'0';'0';'0';'0';'134758473';'134783015';'134799403';'134776856';'134873092';'0';'0';'0';'0';'0';'0';'0';'0';'0';'0';'0';'0';'0';'0';'0';'0';'0';'0';'0';'0';'0';'&'
'1';'608198667';'White Rose Wedding Set';'0';'0';'c_set_02';'0';'0';'0';'10000000';'0';'0';'0';'0';'0';'0';'0';'0';'0';'0';'0';'0';'0';'0';'0';'0';'0';'0';'0';'0';'0';'0';'0';'135020580';'135061532';'135036933';'135071762';'0';'0';'0';'0';'0';'0';'0';'0';'0';'0';'0';'0';'0';'0';'0';'0';'0';'0';'0';'0';'0';'0';'&'
'1';'608198670';'???????????';'0';'0';'c_set_02';'0';'0';'0';'10000000';'0';'0';'0';'0';'0';'0';'0';'0';'0';'0';'0';'0';'0';'0';'0';'0';'0';'0';'0';'0';'0';'0';'0';'135020583';'135061535';'135036934';'135004183';'0';'0';'0';'0';'0';'0';'0';'0';'0';'0';'0';'0';'0';'0';'0';'0';'0';'0';'0';'0';'0';'0';'&'
'1';'608198671';'??????????';'0';'0';'c_set_02';'0';'0';'0';'10000000';'0';'0';'0';'0';'0';'0';'0';'0';'0';'0';'0';'0';'0';'0';'0';'0';'0';'0';'0';'0';'0';'0';'0';'135020584';'135061536';'135036935';'135004184';'0';'0';'0';'0';'0';'0';'0';'0';'0';'0';'0';'0';'0';'0';'0';'0';'0';'0';'0';'0';'0';'0';'&'
'1';'608198675';'???????(????)';'0';'0';'c_set_02';'0';'0';'0';'10000000';'0';'0';'0';'0';'0';'0';'0';'0';'0';'0';'0';'0';'0';'0';'0';'0';'0';'0';'0';'0';'0';'0';'0';'135135234';'135020588';'135036938';'135045140';'135061539';'0';'0';'0';'0';'0';'0';'0';'0';'0';'0';'0';'0';'0';'0';'0';'0';'0';'0';'0';'0';'0';'&'
'0';'608198676';'???????(????)';'0';'0';'c_set_02';'0';'0';'0';'10000000';'0';'0';'0';'0';'0';'0';'0';'0';'0';'0';'0';'0';'0';'0';'0';'0';'0';'0';'0';'0';'0';'0';'0';'135020596';'135004188';'0';'0';'0';'0';'0';'0';'0';'0';'0';'0';'0';'0';'0';'0';'0';'0';'0';'0';'0';'0';'0';'0';'0';'0';'&'
'0';'608198678';'????????(????)';'0';'0';'c_set_02';'0';'0';'0';'10000000';'0';'0';'0';'0';'0';'0';'0';'0';'0';'0';'0';'0';'0';'0';'0';'0';'0';'0';'0';'0';'0';'0';'0';'135020598';'135061540';'0';'0';'0';'0';'0';'0';'0';'0';'0';'0';'0';'0';'0';'0';'0';'0';'0';'0';'0';'0';'0';'0';'0';'0';'&'
'1';'608198679';'Grey Cat Set';'0';'0';'c_set_02';'0';'0';'0';'10000000';'0';'0';'0';'0';'0';'0';'0';'0';'0';'0';'0';'0';'0';'0';'0';'0';'0';'0';'0';'0';'0';'0';'0';'135020600';'135061542';'135036940';'135071773';'135020600';'0';'0';'0';'0';'0';'0';'0';'0';'0';'0';'0';'0';'0';'0';'0';'0';'0';'0';'0';'0';'0';'&'
'1';'608198680';'Fantasy Set (Cesillia)';'0';'0';'c_set_02';'0';'0';'0';'10000000';'0';'0';'0';'0';'0';'0';'0';'0';'0';'0';'0';'0';'0';'0';'0';'0';'0';'0';'0';'0';'0';'0';'0';'135020605';'135061546';'135036942';'135088144';'0';'0';'0';'0';'0';'0';'0';'0';'0';'0';'0';'0';'0';'0';'0';'0';'0';'0';'0';'0';'0';'0';'&'
'1';'608198681';'Gothic Dress Set (Cesillia)';'0';'0';'c_set_02';'0';'0';'0';'10000000';'0';'0';'0';'0';'0';'0';'0';'0';'0';'0';'0';'0';'0';'0';'0';'0';'0';'0';'0';'0';'0';'0';'0';'135020608';'135061548';'135071775';'135036944';'135088146';'0';'0';'0';'0';'0';'0';'0';'0';'0';'0';'0';'0';'0';'0';'0';'0';'0';'0';'0';'0';'0';'&'
'1';'608198682';'Pirate Set (Cesillia)';'0';'0';'c_set_02';'0';'0';'0';'10000000';'0';'0';'0';'0';'0';'0';'0';'0';'0';'0';'0';'0';'0';'0';'0';'0';'0';'0';'0';'0';'0';'0';'0';'135020612';'135061550';'135036946';'135071777';'135088148';'0';'0';'0';'0';'0';'0';'0';'0';'0';'0';'0';'0';'0';'0';'0';'0';'0';'0';'0';'0';'0';'&'
'1';'608198683';'Star Night Bikini Set(Cesillia)';'0';'0';'c_set_02';'0';'0';'0';'10000000';'0';'0';'0';'0';'0';'0';'0';'0';'0';'0';'0';'0';'0';'0';'0';'0';'0';'0';'0';'0';'0';'0';'0';'135020620';'135061553';'135036949';'135088149';'135135235';'0';'0';'0';'0';'0';'0';'0';'0';'0';'0';'0';'0';'0';'0';'0';'0';'0';'0';'0';'0';'0';'&'
'1';'608198684';'????????(????)';'0';'0';'c_set_02';'0';'0';'0';'10000000';'0';'0';'0';'0';'0';'0';'0';'0';'0';'0';'0';'0';'0';'0';'0';'0';'0';'0';'0';'0';'0';'0';'0';'135020623';'135061556';'135036951';'135071781';'0';'0';'0';'0';'0';'0';'0';'0';'0';'0';'0';'0';'0';'0';'0';'0';'0';'0';'0';'0';'0';'0';'&'
'1';'608198691';'Snow Flower Set (Cesillia)';'0';'0';'c_set_02';'0';'0';'0';'10000000';'0';'0';'0';'0';'0';'0';'0';'0';'0';'0';'0';'0';'0';'0';'0';'0';'0';'0';'0';'0';'0';'0';'0';'135020628';'135061561';'135004199';'135036954';'0';'0';'0';'0';'0';'0';'0';'0';'0';'0';'0';'0';'0';'0';'0';'0';'0';'0';'0';'0';'0';'0';'&'
'1';'608198692';'Pink Nurse Dres(Cesillia)';'0';'0';'c_set_02';'0';'0';'0';'10000000';'0';'0';'0';'0';'0';'0';'0';'0';'0';'0';'0';'0';'0';'0';'0';'0';'0';'0';'0';'0';'0';'0';'0';'135020629';'135061562';'135069737';'135036955';'135088155';'0';'0';'0';'0';'0';'0';'0';'0';'0';'0';'0';'0';'0';'0';'0';'0';'0';'0';'0';'0';'0';'&'
'1';'608198696';'2009 Swimsuit (Cecilia)';'0';'0';'c_set_01';'0';'0';'0';'10000000';'0';'0';'0';'0';'0';'0';'0';'0';'0';'0';'0';'0';'0';'0';'0';'0';'0';'0';'0';'0';'0';'0';'0';'135020632';'135061567';'135135239';'135036959';'0';'0';'0';'0';'0';'0';'0';'0';'0';'0';'0';'0';'0';'0';'0';'0';'0';'0';'0';'0';'0';'0';'&'
'1';'608198697';'Funky Waiter Set(Cesillia)';'0';'0';'c_set_02';'0';'0';'0';'10000000';'0';'0';'0';'0';'0';'0';'0';'0';'0';'0';'0';'0';'0';'0';'0';'0';'0';'0';'0';'0';'0';'0';'0';'135020675';'135061565';'135036958';'135069739';'0';'0';'0';'0';'0';'0';'0';'0';'0';'0';'0';'0';'0';'0';'0';'0';'0';'0';'0';'0';'0';'0';'&'
'1';'608198704';'IDOL Set(Cesillia)';'0';'0';'c_set_02';'0';'0';'0';'10000000';'0';'0';'0';'0';'0';'0';'0';'0';'0';'0';'0';'0';'0';'0';'0';'0';'0';'0';'0';'0';'0';'0';'0';'135020690';'135061576';'135004207';'135036966';'0';'0';'0';'0';'0';'0';'0';'0';'0';'0';'0';'0';'0';'0';'0';'0';'0';'0';'0';'0';'0';'0';'&'
'1';'608198705';'Snow Queen (Cesillia)';'0';'0';'c_set_02';'0';'0';'0';'10000000';'0';'0';'0';'0';'0';'0';'0';'0';'0';'0';'0';'0';'0';'0';'0';'0';'0';'0';'0';'0';'0';'0';'0';'135020691';'135061577';'135004208';'0';'0';'0';'0';'0';'0';'0';'0';'0';'0';'0';'0';'0';'0';'0';'0';'0';'0';'0';'0';'0';'0';'0';'&'
'1';'608198706';'Black Wedding Set (Cesillia)';'0';'0';'c_set_02';'0';'0';'0';'10000000';'0';'0';'0';'0';'0';'0';'0';'0';'0';'0';'0';'0';'0';'0';'0';'0';'0';'0';'0';'0';'0';'0';'0';'135020692';'135061579';'135004209';'135036969';'0';'0';'0';'0';'0';'0';'0';'0';'0';'0';'0';'0';'0';'0';'0';'0';'0';'0';'0';'0';'0';'0';'&'
'1';'608206856';'Shark Set (￡￁ﾡﾫ￬ ﾤￃﾺﾪ￘ﾴ)';'0';'0';'d_set_02';'0';'0';'0';'10000000';'0';'0';'1';'0';'0';'0';'0';'0';'0';'0';'0';'0';'0';'0';'0';'0';'0';'0';'0';'0';'0';'0';'0';'135374855';'135282709';'135299084';'135307280';'135290889';'0';'0';'0';'0';'0';'0';'0';'0';'0';'0';'0';'0';'0';'0';'0';'0';'0';'0';'0';'0';'0';'&'
'1';'608206862';'???????(??)';'0';'0';'d_set_02';'0';'0';'0';'10000000';'0';'0';'0';'0';'0';'0';'0';'0';'0';'0';'0';'0';'0';'0';'0';'0';'0';'0';'0';'0';'0';'0';'0';'135282727';'135299097';'135397378';'135307291';'135290895';'0';'0';'0';'0';'0';'0';'0';'0';'0';'0';'0';'0';'0';'0';'0';'0';'0';'0';'0';'0';'0';'&'
'0';'608206864';'????????(??)';'0';'0';'d_set_02';'0';'0';'0';'10000000';'0';'0';'0';'0';'0';'0';'0';'0';'0';'0';'0';'0';'0';'0';'0';'0';'0';'0';'0';'0';'0';'0';'0';'135282735';'135299102';'135307295';'135374866';'0';'0';'0';'0';'0';'0';'0';'0';'0';'0';'0';'0';'0';'0';'0';'0';'0';'0';'0';'0';'0';'0';'&'
'1';'608206865';'Elf Archer Set';'0';'0';'d_set_02';'0';'0';'0';'10000000';'0';'0';'0';'0';'0';'0';'0';'0';'0';'0';'0';'0';'0';'0';'0';'0';'0';'0';'0';'0';'0';'0';'0';'135282742';'135307301';'135266334';'135290897';'0';'0';'0';'0';'0';'0';'0';'0';'0';'0';'0';'0';'0';'0';'0';'0';'0';'0';'0';'0';'0';'0';'&'
'1';'608206866';'black Elf Archer Set';'0';'0';'d_set_02';'0';'0';'0';'10000000';'0';'0';'0';'0';'0';'0';'0';'0';'0';'0';'0';'0';'0';'0';'0';'0';'0';'0';'0';'0';'0';'0';'0';'135282743';'135307302';'135266335';'135290898';'0';'0';'0';'0';'0';'0';'0';'0';'0';'0';'0';'0';'0';'0';'0';'0';'0';'0';'0';'0';'0';'0';'&'
'1';'608206867';'Wild Skeleton Set (Max)';'0';'0';'d_set_02';'0';'0';'0';'10000000';'0';'0';'0';'0';'0';'0';'0';'0';'0';'0';'0';'0';'0';'0';'0';'0';'0';'0';'0';'0';'0';'0';'0';'135282747';'135299111';'135307303';'135290899';'135266338';'0';'0';'0';'0';'0';'0';'0';'0';'0';'0';'0';'0';'0';'0';'0';'0';'0';'0';'0';'0';'0';'&'
'1';'608206870';'White Fur Coat Set (Max)';'0';'0';'d_set_02';'0';'0';'0';'10000000';'0';'0';'0';'0';'0';'0';'0';'0';'0';'0';'0';'0';'0';'0';'0';'0';'0';'0';'0';'0';'0';'0';'0';'135282759';'135299115';'135307308';'135266352';'135290901';'0';'0';'0';'0';'0';'0';'0';'0';'0';'0';'0';'0';'0';'0';'0';'0';'0';'0';'0';'0';'0';'&'
'1';'608206873';'White Beach Set (Max)';'0';'0';'d_set_02';'0';'0';'0';'10000000';'0';'0';'0';'0';'0';'0';'0';'0';'0';'0';'0';'0';'0';'0';'0';'0';'0';'0';'0';'0';'0';'0';'0';'135282763';'135299117';'135307310';'135340058';'135397380';'0';'0';'0';'0';'0';'0';'0';'0';'0';'0';'0';'0';'0';'0';'0';'0';'0';'0';'0';'0';'0';'&'
'1';'608206881';'Dark Lord Set';'0';'0';'d_set_02';'0';'0';'0';'10000000';'0';'0';'0';'0';'0';'0';'0';'0';'0';'0';'0';'0';'0';'0';'0';'0';'0';'0';'0';'0';'0';'0';'0';'135282770';'135299122';'135307315';'135290907';'135391305';'0';'0';'0';'0';'0';'0';'0';'0';'0';'0';'0';'0';'0';'0';'0';'0';'0';'0';'0';'0';'0';'&'
'1';'608215055';'Pink Rose Wedding Set (Kooh ﾤￃﾺﾪ￘ﾴ)';'0';'0';'e_set_02';'0';'0';'0';'10000000';'0';'0';'0';'0';'0';'0';'0';'0';'0';'0';'0';'0';'0';'0';'0';'0';'0';'0';'0';'0';'0';'0';'0';'135544868';'135585821';'135561224';'135634963';'0';'0';'0';'0';'0';'0';'0';'0';'0';'0';'0';'0';'0';'0';'0';'0';'0';'0';'0';'0';'0';'0';'&'
'1';'608215058';'Pink Curl Set (Kooh ﾤￃﾺﾪ￘ﾴ)';'0';'0';'e_set_02';'0';'0';'0';'10000000';'0';'0';'0';'0';'0';'0';'0';'0';'0';'0';'0';'0';'0';'0';'0';'0';'0';'0';'0';'0';'0';'0';'0';'135544874';'135585826';'135561226';'135634964';'0';'0';'0';'0';'0';'0';'0';'0';'0';'0';'0';'0';'0';'0';'0';'0';'0';'0';'0';'0';'0';'0';'&'
'1';'608215059';'Red Wine Curl Set (Kooh ﾤￃﾺﾪ￘ﾴ)';'0';'0';'e_set_02';'0';'0';'0';'10000000';'0';'0';'0';'0';'0';'0';'0';'0';'0';'0';'0';'0';'0';'0';'0';'0';'0';'0';'0';'0';'0';'0';'0';'135544875';'135585827';'135561227';'135634965';'0';'0';'0';'0';'0';'0';'0';'0';'0';'0';'0';'0';'0';'0';'0';'0';'0';'0';'0';'0';'0';'0';'&'
'1';'608215062';'???????(?)';'0';'0';'e_set_02';'0';'0';'0';'10000000';'0';'0';'0';'0';'0';'0';'0';'0';'0';'0';'0';'0';'0';'0';'0';'0';'0';'0';'0';'0';'0';'0';'0';'135692290';'135544885';'135561231';'135569427';'135585833';'0';'0';'0';'0';'0';'0';'0';'0';'0';'0';'0';'0';'0';'0';'0';'0';'0';'0';'0';'0';'0';'&'
'0';'608215064';'??????????(?)';'0';'0';'e_set_02';'0';'0';'0';'1000000';'0';'0';'0';'0';'0';'0';'0';'0';'0';'0';'0';'0';'0';'0';'0';'0';'0';'0';'0';'0';'0';'0';'0';'135544897';'135634979';'0';'0';'0';'0';'0';'0';'0';'0';'0';'0';'0';'0';'0';'0';'0';'0';'0';'0';'0';'0';'0';'0';'0';'0';'&'
'0';'608215066';'??????????(?)';'0';'0';'e_set_02';'0';'0';'0';'10000000';'0';'0';'0';'0';'0';'0';'0';'0';'0';'0';'0';'0';'0';'0';'0';'0';'0';'0';'0';'0';'0';'0';'0';'135544901';'135585842';'135528479';'0';'0';'0';'0';'0';'0';'0';'0';'0';'0';'0';'0';'0';'0';'0';'0';'0';'0';'0';'0';'0';'0';'0';'&'
'1';'608215067';'Black Cat Set';'0';'0';'e_set_02';'0';'0';'0';'10000000';'0';'0';'0';'0';'0';'0';'0';'0';'0';'0';'0';'0';'0';'0';'0';'0';'0';'0';'0';'0';'0';'0';'0';'135544905';'135585846';'135561233';'135634985';'135544905';'0';'0';'0';'0';'0';'0';'0';'0';'0';'0';'0';'0';'0';'0';'0';'0';'0';'0';'0';'0';'0';'&'
'1';'608215069';'Fantasy Set (Kooh)';'0';'0';'e_set_02';'0';'0';'0';'10000000';'0';'0';'0';'0';'0';'0';'0';'0';'0';'0';'0';'0';'0';'0';'0';'0';'0';'0';'0';'0';'0';'0';'0';'135544913';'135585852';'135561236';'135634988';'0';'0';'0';'0';'0';'0';'0';'0';'0';'0';'0';'0';'0';'0';'0';'0';'0';'0';'0';'0';'0';'0';'&'
'1';'608215070';'Gothic Dress Set (Kooh)';'0';'0';'e_set_02';'0';'0';'0';'10000000';'0';'0';'0';'0';'0';'0';'0';'0';'0';'0';'0';'0';'0';'0';'0';'0';'0';'0';'0';'0';'0';'0';'0';'135544916';'135585854';'135561238';'135634990';'0';'0';'0';'0';'0';'0';'0';'0';'0';'0';'0';'0';'0';'0';'0';'0';'0';'0';'0';'0';'0';'0';'&'
'1';'608215071';'Pirate Set (Kooh)';'0';'0';'e_set_02';'0';'0';'0';'10000000';'0';'0';'0';'0';'0';'0';'0';'0';'0';'0';'0';'0';'0';'0';'0';'0';'0';'0';'0';'0';'0';'0';'0';'135544922';'135585859';'135561240';'135626755';'135634992';'0';'0';'0';'0';'0';'0';'0';'0';'0';'0';'0';'0';'0';'0';'0';'0';'0';'0';'0';'0';'0';'&'
'1';'608215073';'Pink Shell Bikini Set(Kooh)';'0';'0';'e_set_02';'0';'0';'0';'10000000';'0';'0';'0';'0';'0';'0';'0';'0';'0';'0';'0';'0';'0';'0';'0';'0';'0';'0';'0';'0';'0';'0';'0';'135544934';'135585866';'135634998';'0';'0';'0';'0';'0';'0';'0';'0';'0';'0';'0';'0';'0';'0';'0';'0';'0';'0';'0';'0';'0';'0';'0';'&'
'1';'608215075';'Shining Blue Gym Set (Kooh)';'0';'0';'e_set_02';'0';'0';'0';'10000000';'0';'0';'0';'0';'0';'0';'0';'0';'0';'0';'0';'0';'0';'0';'0';'0';'0';'0';'0';'0';'0';'0';'0';'135544937';'135585869';'135528488';'0';'0';'0';'0';'0';'0';'0';'0';'0';'0';'0';'0';'0';'0';'0';'0';'0';'0';'0';'0';'0';'0';'0';'&'
'1';'608215076';'Shining White Gym Set (Kooh)';'0';'0';'e_set_02';'0';'0';'0';'10000000';'0';'0';'0';'0';'0';'0';'0';'0';'0';'0';'0';'0';'0';'0';'0';'0';'0';'0';'0';'0';'0';'0';'0';'135544938';'135585870';'135528489';'0';'0';'0';'0';'0';'0';'0';'0';'0';'0';'0';'0';'0';'0';'0';'0';'0';'0';'0';'0';'0';'0';'0';'&'
'1';'608215079';'???????????(?)';'0';'0';'e_set_02';'0';'0';'0';'10000000';'0';'0';'0';'0';'0';'0';'0';'0';'0';'0';'0';'0';'0';'0';'0';'0';'0';'0';'0';'0';'0';'0';'0';'135544940';'135585872';'135561242';'135635000';'135669775';'0';'0';'0';'0';'0';'0';'0';'0';'0';'0';'0';'0';'0';'0';'0';'0';'0';'0';'0';'0';'0';'&'
'1';'608215087';'Snow Flower Set (Kooh)';'0';'0';'e_set_02';'0';'0';'0';'10000000';'0';'0';'0';'0';'0';'0';'0';'0';'0';'0';'0';'0';'0';'0';'0';'0';'0';'0';'0';'0';'0';'0';'0';'135544946';'135585878';'135561246';'135635002';'0';'0';'0';'0';'0';'0';'0';'0';'0';'0';'0';'0';'0';'0';'0';'0';'0';'0';'0';'0';'0';'0';'&'
'1';'608215088';'Pink Nurse Dres(Kooh)';'0';'0';'e_set_02';'0';'0';'0';'10000000';'0';'0';'0';'0';'0';'0';'0';'0';'0';'0';'0';'0';'0';'0';'0';'0';'0';'0';'0';'0';'0';'0';'0';'135544947';'135585879';'135635003';'0';'0';'0';'0';'0';'0';'0';'0';'0';'0';'0';'0';'0';'0';'0';'0';'0';'0';'0';'0';'0';'0';'0';'&'
'1';'608215092';'2009 Swimsuit (Kooh)';'0';'0';'e_set_02';'0';'0';'0';'10000000';'0';'0';'0';'0';'0';'0';'0';'0';'0';'0';'0';'0';'0';'0';'0';'0';'0';'0';'0';'0';'0';'0';'0';'135544955';'135585885';'135692298';'0';'0';'0';'0';'0';'0';'0';'0';'0';'0';'0';'0';'0';'0';'0';'0';'0';'0';'0';'0';'0';'0';'0';'&'
'1';'608215094';'Funky Waiter Set(Kooh)';'0';'0';'e_set_02';'0';'0';'0';'10000000';'0';'0';'0';'0';'0';'0';'0';'0';'0';'0';'0';'0';'0';'0';'0';'0';'0';'0';'0';'0';'0';'0';'0';'135544951';'135585883';'135561247';'135635006';'0';'0';'0';'0';'0';'0';'0';'0';'0';'0';'0';'0';'0';'0';'0';'0';'0';'0';'0';'0';'0';'0';'&'
'1';'608215102';'IDOL Set(KooH)';'0';'0';'e_set_02';'0';'0';'0';'10000000';'0';'0';'0';'0';'0';'0';'0';'0';'0';'0';'0';'0';'0';'0';'0';'0';'0';'0';'0';'0';'0';'0';'0';'135544973';'135585923';'135528513';'135561252';'0';'0';'0';'0';'0';'0';'0';'0';'0';'0';'0';'0';'0';'0';'0';'0';'0';'0';'0';'0';'0';'0';'&'
'1';'608215104';'Little Red Cap Set(Kooh)';'0';'0';'e_set_02';'0';'0';'0';'10000000';'0';'0';'0';'0';'0';'0';'0';'0';'0';'0';'0';'0';'0';'0';'0';'0';'0';'0';'0';'0';'0';'0';'0';'135544974';'135585924';'0';'0';'0';'0';'0';'0';'0';'0';'0';'0';'0';'0';'0';'0';'0';'0';'0';'0';'0';'0';'0';'0';'0';'0';'&'
'1';'608215105';'Black Wedding Set (Kooh)';'0';'0';'e_set_02';'0';'0';'0';'10000000';'0';'0';'0';'0';'0';'0';'0';'0';'0';'0';'0';'0';'0';'0';'0';'0';'0';'0';'0';'0';'0';'0';'0';'135544977';'135585927';'135692299';'0';'0';'0';'0';'0';'0';'0';'0';'0';'0';'0';'0';'0';'0';'0';'0';'0';'0';'0';'0';'0';'0';'0';'&'
'1';'608215108';'Zombie Set';'0';'0';'e_set_02';'0';'0';'0';'10000000';'0';'0';'0';'0';'0';'0';'0';'0';'0';'0';'0';'0';'0';'0';'0';'0';'0';'0';'0';'0';'0';'0';'0';'135544982';'135569455';'135585931';'135677956';'135692302';'0';'0';'0';'0';'0';'0';'0';'0';'0';'0';'0';'0';'0';'0';'0';'0';'0';'0';'0';'0';'0';'&'
'1';'608215109';'Concert Set(Kooh)';'0';'0';'e_set_02';'0';'0';'0';'10000000';'0';'0';'0';'0';'0';'0';'0';'0';'0';'0';'0';'0';'0';'0';'0';'0';'0';'0';'0';'0';'0';'0';'0';'135544983';'135585932';'135561255';'135692304';'0';'0';'0';'0';'0';'0';'0';'0';'0';'0';'0';'0';'0';'0';'0';'0';'0';'0';'0';'0';'0';'0';'&'
'1';'608215110';'Red Tartan Set(Kooh)';'0';'0';'e_set_02';'0';'0';'0';'10000000';'0';'0';'0';'0';'0';'0';'0';'0';'0';'0';'0';'0';'0';'0';'0';'0';'0';'0';'0';'0';'0';'0';'0';'135544985';'135585934';'135637070';'0';'0';'0';'0';'0';'0';'0';'0';'0';'0';'0';'0';'0';'0';'0';'0';'0';'0';'0';'0';'0';'0';'0';'&'
'1';'608223248';'Dandelion Wedding Set';'0';'0';'g_set_02';'0';'0';'0';'10000000';'0';'0';'0';'0';'0';'0';'0';'0';'0';'0';'0';'0';'0';'0';'0';'0';'0';'0';'0';'0';'0';'0';'0';'135807018';'135831585';'135815171';'135847952';'0';'0';'0';'0';'0';'0';'0';'0';'0';'0';'0';'0';'0';'0';'0';'0';'0';'0';'0';'0';'0';'0';'&'
'1';'608223252';'Yellow Curl Set (ￍￒￃￔﾹ ﾤￃﾺﾪ￘ﾴ)';'0';'0';'g_set_02';'0';'0';'0';'10000000';'0';'0';'0';'0';'0';'0';'0';'0';'0';'0';'0';'0';'0';'0';'0';'0';'0';'0';'0';'0';'0';'0';'0';'135807025';'135831591';'135815172';'135790625';'0';'0';'0';'0';'0';'0';'0';'0';'0';'0';'0';'0';'0';'0';'0';'0';'0';'0';'0';'0';'0';'0';'&'
'1';'608223253';'Pink Curl Set (ￍￒￃￔﾹ ﾤￃﾺﾪ￘ﾴ)';'0';'0';'g_set_02';'0';'0';'0';'10000000';'0';'0';'0';'0';'0';'0';'0';'0';'0';'0';'0';'0';'0';'0';'0';'0';'0';'0';'0';'0';'0';'0';'0';'135807026';'135831592';'135815173';'135790626';'0';'0';'0';'0';'0';'0';'0';'0';'0';'0';'0';'0';'0';'0';'0';'0';'0';'0';'0';'0';'0';'0';'&'
'1';'608223255';'???????(??)';'0';'0';'g_set_02';'0';'0';'0';'10000000';'0';'0';'0';'0';'0';'0';'0';'0';'0';'0';'0';'0';'0';'0';'0';'0';'0';'0';'0';'0';'0';'0';'0';'135807032';'135823373';'135905283';'135831597';'135815174';'0';'0';'0';'0';'0';'0';'0';'0';'0';'0';'0';'0';'0';'0';'0';'0';'0';'0';'0';'0';'0';'&'
'0';'608223259';'????????????(??)';'0';'0';'g_set_02';'0';'0';'0';'10000000';'0';'0';'0';'0';'0';'0';'0';'0';'0';'0';'0';'0';'0';'0';'0';'0';'0';'0';'0';'0';'0';'0';'0';'135807047';'135905284';'0';'0';'0';'0';'0';'0';'0';'0';'0';'0';'0';'0';'0';'0';'0';'0';'0';'0';'0';'0';'0';'0';'0';'0';'&'
'0';'608223261';'????????(??)';'0';'0';'g_set_02';'0';'0';'0';'10000000';'0';'0';'0';'0';'0';'0';'0';'0';'0';'0';'0';'0';'0';'0';'0';'0';'0';'0';'0';'0';'0';'0';'0';'135807050';'135831609';'135790629';'0';'0';'0';'0';'0';'0';'0';'0';'0';'0';'0';'0';'0';'0';'0';'0';'0';'0';'0';'0';'0';'0';'0';'&'
'0';'608223262';'????????(??)';'0';'0';'g_set_02';'0';'0';'0';'10000000';'0';'0';'0';'0';'0';'0';'0';'0';'0';'0';'0';'0';'0';'0';'0';'0';'0';'0';'0';'0';'0';'0';'0';'135807055';'135831614';'0';'0';'0';'0';'0';'0';'0';'0';'0';'0';'0';'0';'0';'0';'0';'0';'0';'0';'0';'0';'0';'0';'0';'0';'&'
'1';'608223263';'White Cat Set';'0';'0';'g_set_02';'0';'0';'0';'10000000';'0';'0';'0';'0';'0';'0';'0';'0';'0';'0';'0';'0';'0';'0';'0';'0';'0';'0';'0';'0';'0';'0';'0';'135807057';'135831616';'135815176';'135847979';'135807057';'0';'0';'0';'0';'0';'0';'0';'0';'0';'0';'0';'0';'0';'0';'0';'0';'0';'0';'0';'0';'0';'&'
'1';'608223264';'Valkyrie Set';'0';'0';'g_set_02';'0';'0';'0';'10000000';'0';'0';'0';'0';'0';'0';'0';'0';'0';'0';'0';'0';'0';'0';'0';'0';'0';'0';'0';'0';'0';'0';'0';'135807062';'135831620';'135790635';'135815178';'0';'0';'0';'0';'0';'0';'0';'0';'0';'0';'0';'0';'0';'0';'0';'0';'0';'0';'0';'0';'0';'0';'&'
'1';'608223266';'silver Valkyrie Set';'0';'0';'g_set_02';'0';'0';'0';'10000000';'0';'0';'0';'0';'0';'0';'0';'0';'0';'0';'0';'0';'0';'0';'0';'0';'0';'0';'0';'0';'0';'0';'0';'135807064';'135831622';'135790636';'135815180';'0';'0';'0';'0';'0';'0';'0';'0';'0';'0';'0';'0';'0';'0';'0';'0';'0';'0';'0';'0';'0';'0';'&'
'1';'608223267';'Gothic Dress Set (Arin)';'0';'0';'g_set_02';'0';'0';'0';'10000000';'0';'0';'0';'0';'0';'0';'0';'0';'0';'0';'0';'0';'0';'0';'0';'0';'0';'0';'0';'0';'0';'0';'0';'135807068';'135831623';'135847980';'135815181';'0';'0';'0';'0';'0';'0';'0';'0';'0';'0';'0';'0';'0';'0';'0';'0';'0';'0';'0';'0';'0';'0';'&'
'1';'608223268';'Elegance Pirate Set (Arin)';'0';'0';'g_set_02';'0';'0';'0';'10000000';'0';'0';'0';'0';'0';'0';'0';'0';'0';'0';'0';'0';'0';'0';'0';'0';'0';'0';'0';'0';'0';'0';'0';'135807072';'135831626';'135905287';'135815183';'0';'0';'0';'0';'0';'0';'0';'0';'0';'0';'0';'0';'0';'0';'0';'0';'0';'0';'0';'0';'0';'0';'&'
'0';'608223269';'????????????(??)';'0';'0';'g_set_02';'0';'0';'0';'10000000';'0';'0';'0';'0';'0';'0';'0';'0';'0';'0';'0';'0';'0';'0';'0';'0';'0';'0';'0';'0';'0';'0';'0';'135807084';'135831632';'135905288';'0';'0';'0';'0';'0';'0';'0';'0';'0';'0';'0';'0';'0';'0';'0';'0';'0';'0';'0';'0';'0';'0';'0';'&'
'1';'608223270';'Classic Riding Set (Arin)';'0';'0';'g_set_02';'0';'0';'0';'10000000';'0';'0';'0';'0';'0';'0';'0';'0';'0';'0';'0';'0';'0';'0';'0';'0';'0';'0';'0';'0';'0';'0';'0';'135807086';'135823385';'135790643';'135815184';'0';'0';'0';'0';'0';'0';'0';'0';'0';'0';'0';'0';'0';'0';'0';'0';'0';'0';'0';'0';'0';'0';'&'
'1';'608223272';'???????????(??)';'0';'0';'g_set_02';'0';'0';'0';'10000000';'0';'0';'0';'0';'0';'0';'0';'0';'0';'0';'0';'0';'0';'0';'0';'0';'0';'0';'0';'0';'0';'0';'0';'135807088';'135815185';'135847985';'0';'0';'0';'0';'0';'0';'0';'0';'0';'0';'0';'0';'0';'0';'0';'0';'0';'0';'0';'0';'0';'0';'0';'&'
'1';'608223281';'Snow Flower Set (Arin)';'0';'0';'g_set_02';'0';'0';'0';'10000000';'0';'0';'0';'0';'0';'0';'0';'0';'0';'0';'0';'0';'0';'0';'0';'0';'0';'0';'0';'0';'0';'0';'0';'135807095';'135831640';'135815188';'135847987';'0';'0';'0';'0';'0';'0';'0';'0';'0';'0';'0';'0';'0';'0';'0';'0';'0';'0';'0';'0';'0';'0';'&'
'1';'608223282';'Pink Nurse Dres(Arin)';'0';'0';'g_set_02';'0';'0';'0';'10000000';'0';'0';'0';'0';'0';'0';'0';'0';'0';'0';'0';'0';'0';'0';'0';'0';'0';'0';'0';'0';'0';'0';'0';'135807096';'135823387';'135831641';'135847988';'0';'0';'0';'0';'0';'0';'0';'0';'0';'0';'0';'0';'0';'0';'0';'0';'0';'0';'0';'0';'0';'0';'&'
'1';'608223286';'Orange Dot Bikini Set (Arin)';'0';'0';'g_set_02';'0';'0';'0';'10000000';'0';'0';'0';'0';'0';'0';'0';'0';'0';'0';'0';'0';'0';'0';'0';'0';'0';'0';'0';'0';'0';'0';'0';'135807107';'135831647';'135790685';'0';'0';'0';'0';'0';'0';'0';'0';'0';'0';'0';'0';'0';'0';'0';'0';'0';'0';'0';'0';'0';'0';'0';'&'
'1';'608223287';'Funky Waiter Set(Arin)';'0';'0';'g_set_02';'0';'0';'0';'10000000';'0';'0';'0';'0';'0';'0';'0';'0';'0';'0';'0';'0';'0';'0';'0';'0';'0';'0';'0';'0';'0';'0';'0';'135807099';'135831644';'135847991';'0';'0';'0';'0';'0';'0';'0';'0';'0';'0';'0';'0';'0';'0';'0';'0';'0';'0';'0';'0';'0';'0';'0';'&'
'1';'608223294';'IDOL Set(Arin)';'0';'0';'g_set_02';'0';'0';'0';'10000000';'0';'0';'0';'0';'0';'0';'0';'0';'0';'0';'0';'0';'0';'0';'0';'0';'0';'0';'0';'0';'0';'0';'0';'135807119';'135831652';'135815193';'135848001';'0';'0';'0';'0';'0';'0';'0';'0';'0';'0';'0';'0';'0';'0';'0';'0';'0';'0';'0';'0';'0';'0';'&'
'1';'608223295';'Snow White Set(Arin)';'0';'0';'g_set_02';'0';'0';'0';'10000000';'0';'0';'0';'0';'0';'0';'0';'0';'0';'0';'0';'0';'0';'0';'0';'0';'0';'0';'0';'0';'0';'0';'0';'135807123';'135831656';'135905293';'0';'0';'0';'0';'0';'0';'0';'0';'0';'0';'0';'0';'0';'0';'0';'0';'0';'0';'0';'0';'0';'0';'0';'&'
'1';'608223296';'Black Wedding Set (Arin)';'0';'0';'g_set_02';'0';'0';'0';'10000000';'0';'0';'0';'0';'0';'0';'0';'0';'0';'0';'0';'0';'0';'0';'0';'0';'0';'0';'0';'0';'0';'0';'0';'135807127';'135831661';'135815199';'135905294';'0';'0';'0';'0';'0';'0';'0';'0';'0';'0';'0';'0';'0';'0';'0';'0';'0';'0';'0';'0';'0';'0';'&'
'1';'608223299';'Concert Set(Arin)';'0';'0';'g_set_02';'0';'0';'0';'10000000';'0';'0';'0';'0';'0';'0';'0';'0';'0';'0';'0';'0';'0';'0';'0';'0';'0';'0';'0';'0';'0';'0';'0';'135807134';'135823397';'135831666';'135905297';'135815200';'135899209';'0';'0';'0';'0';'0';'0';'0';'0';'0';'0';'0';'0';'0';'0';'0';'0';'0';'0';'0';'0';'&'
'1';'608223300';'Xmas High Set(Arin)';'0';'0';'g_set_02';'0';'0';'0';'10000000';'0';'0';'0';'0';'0';'0';'0';'0';'0';'0';'0';'0';'0';'0';'0';'0';'0';'0';'0';'0';'0';'0';'0';'135807135';'135831667';'135848012';'0';'0';'0';'0';'0';'0';'0';'0';'0';'0';'0';'0';'0';'0';'0';'0';'0';'0';'0';'0';'0';'0';'0';'&'
'1';'608231433';'???????(??)';'0';'0';'h_set_02';'0';'0';'0';'1000000';'0';'0';'0';'0';'0';'0';'0';'0';'0';'0';'0';'0';'0';'0';'0';'0';'0';'0';'0';'0';'0';'0';'0';'136183810';'136069142';'136085509';'136110097';'0';'0';'0';'0';'0';'0';'0';'0';'0';'0';'0';'0';'0';'0';'0';'0';'0';'0';'0';'0';'0';'0';'&'
'0';'608231434';'???????(??)';'0';'0';'h_set_02';'0';'0';'0';'10000000';'0';'0';'0';'0';'0';'0';'0';'0';'0';'0';'0';'0';'0';'0';'0';'0';'0';'0';'0';'0';'0';'0';'0';'136069152';'136093712';'136110105';'136052752';'0';'0';'0';'0';'0';'0';'0';'0';'0';'0';'0';'0';'0';'0';'0';'0';'0';'0';'0';'0';'0';'0';'&'
'1';'608231435';'Fantasy Set (Kaz) ';'0';'0';'h_set_02';'0';'0';'0';'10000000';'0';'0';'0';'0';'0';'0';'0';'0';'0';'0';'0';'0';'0';'0';'0';'0';'0';'0';'0';'0';'0';'0';'0';'136069164';'136052758';'136085513';'0';'0';'0';'0';'0';'0';'0';'0';'0';'0';'0';'0';'0';'0';'0';'0';'0';'0';'0';'0';'0';'0';'0';'&'
'1';'608231436';'Pirate Set (Kaz)';'0';'0';'h_set_02';'0';'0';'0';'10000000';'0';'0';'0';'0';'0';'0';'0';'0';'0';'0';'0';'0';'0';'0';'0';'0';'0';'0';'0';'0';'0';'0';'0';'136069169';'136110114';'136052765';'136085515';'0';'0';'0';'0';'0';'0';'0';'0';'0';'0';'0';'0';'0';'0';'0';'0';'0';'0';'0';'0';'0';'0';'&'
'1';'608231444';'White Fur Coat Set (Kaz)';'0';'0';'h_set_02';'0';'0';'0';'10000000';'0';'0';'0';'0';'0';'0';'0';'0';'0';'0';'0';'0';'0';'0';'0';'0';'0';'0';'0';'0';'0';'0';'0';'136069182';'136110120';'136085520';'136183811';'0';'0';'0';'0';'0';'0';'0';'0';'0';'0';'0';'0';'0';'0';'0';'0';'0';'0';'0';'0';'0';'0';'&'
'0';'608231445';'??????????';'0';'0';'h_set_02';'0';'0';'0';'10000000';'0';'0';'0';'0';'0';'0';'0';'0';'0';'0';'0';'0';'0';'0';'0';'0';'0';'0';'0';'0';'0';'0';'0';'136069181';'136110119';'0';'0';'0';'0';'0';'0';'0';'0';'0';'0';'0';'0';'0';'0';'0';'0';'0';'0';'0';'0';'0';'0';'0';'0';'&'
'1';'608231450';'2009 Swimsuit (Kaz)';'0';'0';'h_set_02';'0';'0';'0';'1000000';'0';'0';'0';'0';'0';'0';'0';'0';'0';'0';'0';'0';'0';'0';'0';'0';'0';'0';'0';'0';'0';'0';'0';'136069191';'136093724';'136110126';'136085523';'136161302';'136183812';'0';'0';'0';'0';'0';'0';'0';'0';'0';'0';'0';'0';'0';'0';'0';'0';'0';'0';'0';'0';'&'
'1';'608239618';'Violet Black Set (Lucia)';'0';'0';'i_set_02';'0';'0';'0';'10000000';'0';'0';'0';'0';'0';'0';'0';'0';'0';'0';'0';'0';'0';'0';'0';'0';'0';'0';'0';'0';'0';'0';'0';'136331275';'136347654';'136372231';'136314880';'0';'0';'0';'0';'0';'0';'0';'0';'0';'0';'0';'0';'0';'0';'0';'0';'0';'0';'0';'0';'0';'0';'&'
'1';'608239619';'SSAF Set (Lucia)';'0';'0';'i_set_02';'0';'0';'0';'10000000';'0';'0';'0';'0';'0';'0';'0';'0';'0';'0';'0';'0';'0';'0';'0';'0';'0';'0';'0';'0';'0';'0';'0';'136331277';'136355845';'136347656';'136372233';'136314882';'0';'0';'0';'0';'0';'0';'0';'0';'0';'0';'0';'0';'0';'0';'0';'0';'0';'0';'0';'0';'0';'&'
'1';'608239620';'Rose Wedding Set (Lucia)';'0';'0';'i_set_02';'0';'0';'0';'10000000';'0';'0';'0';'0';'0';'0';'0';'0';'0';'0';'0';'0';'0';'0';'0';'0';'0';'0';'0';'0';'0';'0';'0';'136331278';'136388615';'136372234';'136347657';'0';'0';'0';'0';'0';'0';'0';'0';'0';'0';'0';'0';'0';'0';'0';'0';'0';'0';'0';'0';'0';'0';'&'
'1';'608239621';'Heart Pajamas Set (Lucia)';'0';'0';'i_set_02';'0';'0';'0';'10000000';'0';'0';'0';'0';'0';'0';'0';'0';'0';'0';'0';'0';'0';'0';'0';'0';'0';'0';'0';'0';'0';'0';'0';'136331279';'136372235';'136314883';'0';'0';'0';'0';'0';'0';'0';'0';'0';'0';'0';'0';'0';'0';'0';'0';'0';'0';'0';'0';'0';'0';'0';'&'
'1';'608239622';'Pink Melody Set (Lucia)';'0';'0';'i_set_02';'0';'0';'0';'10000000';'0';'0';'0';'0';'0';'0';'0';'0';'0';'0';'0';'0';'0';'0';'0';'0';'0';'0';'0';'0';'0';'0';'0';'136331280';'136314884';'136372236';'136347658';'0';'0';'0';'0';'0';'0';'0';'0';'0';'0';'0';'0';'0';'0';'0';'0';'0';'0';'0';'0';'0';'0';'&'
'1';'608239623';'Pirate Set (Lucia)';'0';'0';'i_set_02';'0';'0';'0';'10000000';'0';'0';'0';'0';'0';'0';'0';'0';'0';'0';'0';'0';'0';'0';'0';'0';'0';'0';'0';'0';'0';'0';'0';'136314893';'136331288';'136347662';'136355846';'136372244';'0';'0';'0';'0';'0';'0';'0';'0';'0';'0';'0';'0';'0';'0';'0';'0';'0';'0';'0';'0';'0';'&'
'0';'608239624';'White Chiffon Set (Lucia)';'0';'0';'i_set_02';'0';'0';'0';'10000000';'0';'0';'0';'0';'0';'0';'0';'0';'0';'0';'0';'0';'0';'0';'0';'0';'0';'0';'0';'0';'0';'0';'0';'136314897';'136331295';'136347665';'136372251';'0';'0';'0';'0';'0';'0';'0';'0';'0';'0';'0';'0';'0';'0';'0';'0';'0';'0';'0';'0';'0';'0';'&'
'1';'608239627';'??????????(???)';'0';'0';'i_set_02';'0';'0';'0';'10000000';'0';'0';'0';'0';'0';'0';'0';'0';'0';'0';'0';'0';'0';'0';'0';'0';'0';'0';'0';'0';'0';'0';'0';'136331300';'136347666';'136388617';'0';'0';'0';'0';'0';'0';'0';'0';'0';'0';'0';'0';'0';'0';'0';'0';'0';'0';'0';'0';'0';'0';'0';'&'
'1';'608239630';'Black Witch Set(Lucia)';'0';'0';'i_set_02';'0';'0';'0';'10000000';'0';'0';'0';'0';'0';'0';'0';'0';'0';'0';'0';'0';'0';'0';'0';'0';'0';'0';'0';'0';'0';'0';'0';'136388629';'136331301';'136347667';'136372255';'0';'0';'0';'0';'0';'0';'0';'0';'0';'0';'0';'0';'0';'0';'0';'0';'0';'0';'0';'0';'0';'0';'&'
'1';'608239633';'Snow Ribbon Dress Set (Lucia)';'0';'0';'i_set_02';'0';'0';'0';'10000000';'0';'0';'0';'0';'0';'0';'0';'0';'0';'0';'0';'0';'0';'0';'0';'0';'0';'0';'0';'0';'0';'0';'0';'136314901';'136331308';'136347669';'136372259';'0';'0';'0';'0';'0';'0';'0';'0';'0';'0';'0';'0';'0';'0';'0';'0';'0';'0';'0';'0';'0';'0';'&'
'1';'608239634';'Cherry blossom Kimono Set(Lucia)';'0';'0';'i_set_02';'0';'0';'0';'10000000';'0';'0';'0';'0';'0';'0';'0';'0';'0';'0';'0';'0';'0';'0';'0';'0';'0';'0';'0';'0';'0';'0';'0';'136331310';'136372260';'136445963';'0';'0';'0';'0';'0';'0';'0';'0';'0';'0';'0';'0';'0';'0';'0';'0';'0';'0';'0';'0';'0';'0';'0';'&'
'1';'608239635';'Pink Nurse Dres(Lucia)';'0';'0';'i_set_02';'0';'0';'0';'10000000';'0';'0';'0';'0';'0';'0';'0';'0';'0';'0';'0';'0';'0';'0';'0';'0';'0';'0';'0';'0';'0';'0';'0';'136331312';'136372262';'136388640';'0';'0';'0';'0';'0';'0';'0';'0';'0';'0';'0';'0';'0';'0';'0';'0';'0';'0';'0';'0';'0';'0';'0';'&'
'0';'608239636';'???????(???)';'0';'0';'i_set_02';'0';'0';'0';'10000000';'0';'0';'0';'0';'0';'0';'0';'0';'0';'0';'0';'0';'0';'0';'0';'0';'0';'0';'0';'0';'0';'0';'0';'136331313';'136347670';'136372263';'136388641';'1207988264';'0';'0';'0';'0';'0';'0';'0';'0';'0';'0';'0';'0';'0';'0';'0';'0';'0';'0';'0';'0';'0';'&'
'1';'608239640';'Colorful Summer Set (Lucia)';'0';'0';'i_set_02';'0';'0';'0';'10000000';'0';'0';'0';'0';'0';'0';'0';'0';'0';'0';'0';'0';'0';'0';'0';'0';'0';'0';'0';'0';'0';'0';'0';'136331323';'136347674';'136372269';'136445966';'0';'0';'0';'0';'0';'0';'0';'0';'0';'0';'0';'0';'0';'0';'0';'0';'0';'0';'0';'0';'0';'0';'&'
'1';'608239643';'Funky Waiter Set(Lucia)';'0';'0';'i_set_02';'0';'0';'0';'10000000';'0';'0';'0';'0';'0';'0';'0';'0';'0';'0';'0';'0';'0';'0';'0';'0';'0';'0';'0';'0';'0';'0';'0';'136331318';'136347672';'136372267';'136388643';'0';'0';'0';'0';'0';'0';'0';'0';'0';'0';'0';'0';'0';'0';'0';'0';'0';'0';'0';'0';'0';'0';'&'
'1';'608239650';'IDOL Set(Lucia)';'0';'0';'i_set_02';'0';'0';'0';'10000000';'0';'0';'0';'0';'0';'0';'0';'0';'0';'0';'0';'0';'0';'0';'0';'0';'0';'0';'0';'0';'0';'0';'0';'136331350';'136347685';'136372289';'136388662';'0';'0';'0';'0';'0';'0';'0';'0';'0';'0';'0';'0';'0';'0';'0';'0';'0';'0';'0';'0';'0';'0';'&'
'1';'608239651';'Mute Swan Set(Lucia)';'0';'0';'i_set_02';'0';'0';'0';'10000000';'0';'0';'0';'0';'0';'0';'0';'0';'0';'0';'0';'0';'0';'0';'0';'0';'0';'0';'0';'0';'0';'0';'0';'136331353';'136372292';'136445970';'0';'0';'0';'0';'0';'0';'0';'0';'0';'0';'0';'0';'0';'0';'0';'0';'0';'0';'0';'0';'0';'0';'0';'&'
'1';'608239652';'Black Wedding Set (Lucia)';'0';'0';'i_set_02';'0';'0';'0';'10000000';'0';'0';'0';'0';'0';'0';'0';'0';'0';'0';'0';'0';'0';'0';'0';'0';'0';'0';'0';'0';'0';'0';'0';'136331358';'136347688';'136372298';'136445973';'0';'0';'0';'0';'0';'0';'0';'0';'0';'0';'0';'0';'0';'0';'0';'0';'0';'0';'0';'0';'0';'0';'&'
'1';'608239655';'Succubus Set';'0';'0';'i_set_02';'0';'0';'0';'10000000';'0';'0';'0';'0';'0';'0';'0';'0';'0';'0';'0';'0';'0';'0';'0';'0';'0';'0';'0';'0';'0';'0';'0';'136331362';'136347689';'136372302';'136388673';'0';'0';'0';'0';'0';'0';'0';'0';'0';'0';'0';'0';'0';'0';'0';'0';'0';'0';'0';'0';'0';'0';'&'
'1';'608239656';'Concert Set(Lucia)';'0';'0';'i_set_02';'0';'0';'0';'10000000';'0';'0';'0';'0';'0';'0';'0';'0';'0';'0';'0';'0';'0';'0';'0';'0';'0';'0';'0';'0';'0';'0';'0';'136331363';'136347690';'136355860';'136372303';'136445977';'0';'0';'0';'0';'0';'0';'0';'0';'0';'0';'0';'0';'0';'0';'0';'0';'0';'0';'0';'0';'0';'&'
'1';'608239657';'Red Leopard (Lucia)';'0';'0';'i_set_02';'0';'0';'0';'10000000';'0';'0';'0';'0';'0';'0';'0';'0';'0';'0';'0';'0';'0';'0';'0';'0';'0';'0';'0';'0';'0';'0';'0';'136314908';'136331364';'136355861';'136372304';'136423442';'136456202';'0';'0';'0';'0';'0';'0';'0';'0';'0';'0';'0';'0';'0';'0';'0';'0';'0';'0';'0';'0';'&'
'1';'608247813';'2010 Halloween Set (Nell)';'0';'0';'j_set_02';'0';'0';'0';'10000000';'0';'0';'0';'0';'0';'0';'0';'0';'0';'0';'0';'0';'0';'0';'0';'0';'0';'0';'0';'0';'0';'0';'0';'136593509';'136617989';'136634441';'0';'0';'0';'0';'0';'0';'0';'0';'0';'0';'0';'0';'0';'0';'0';'0';'0';'0';'0';'0';'0';'0';'0';'&'
'1';'608247814';'Concert Set(Nall)';'0';'0';'j_set_02';'0';'0';'0';'10000000';'0';'0';'0';'0';'0';'0';'0';'0';'0';'0';'0';'0';'0';'0';'0';'0';'0';'0';'0';'0';'0';'0';'0';'136593510';'136634442';'0';'0';'0';'0';'0';'0';'0';'0';'0';'0';'0';'0';'0';'0';'0';'0';'0';'0';'0';'0';'0';'0';'0';'0';'&'
'1';'608247815';'Red White (Nell)';'0';'0';'j_set_02';'0';'0';'0';'10000000';'0';'0';'0';'0';'0';'0';'0';'0';'0';'0';'0';'0';'0';'0';'0';'0';'0';'0';'0';'0';'0';'0';'0';'136593513';'136634443';'136577053';'136609832';'136685572';'0';'0';'0';'0';'0';'0';'0';'0';'0';'0';'0';'0';'0';'0';'0';'0';'0';'0';'0';'0';'0';'&'
'0';'612425728';'?? ?? ???';'0';'0';'item_set_05';'0';'0';'0';'76';'67';'0';'1';'0';'0';'0';'0';'0';'0';'0';'0';'0';'0';'0';'0';'0';'0';'0';'0';'0';'0';'0';'0';'67108871';'268435469';'436207633';'436207618';'436207680';'0';'0';'0';'0';'0';'0';'0';'0';'0';'0';'0';'0';'0';'0';'0';'0';'0';'0';'0';'0';'0';'&'
'0';'612425729';'?? ?? ???';'11';'0';'item_set_05';'0';'0';'0';'88';'79';'0';'1';'0';'0';'0';'0';'0';'0';'0';'0';'0';'0';'0';'0';'0';'0';'0';'0';'0';'0';'0';'0';'67108871';'268435463';'436207633';'436207618';'436207680';'0';'0';'0';'0';'0';'0';'0';'0';'0';'0';'0';'0';'0';'0';'0';'0';'0';'0';'0';'0';'0';'&'
'0';'612433920';'?? ??? ???';'0';'0';'item_set_05';'0';'0';'0';'76';'67';'0';'1';'0';'0';'0';'0';'0';'0';'0';'0';'0';'0';'0';'0';'0';'0';'0';'0';'0';'0';'0';'0';'67108872';'268435469';'436207633';'436207618';'436207680';'0';'0';'0';'0';'0';'0';'0';'0';'0';'0';'0';'0';'0';'0';'0';'0';'0';'0';'0';'0';'0';'&'
'0';'612433921';'?? ??? ???';'11';'0';'item_set_05';'0';'0';'0';'88';'79';'0';'1';'0';'0';'0';'0';'0';'0';'0';'0';'0';'0';'0';'0';'0';'0';'0';'0';'0';'0';'0';'0';'67108872';'268435463';'436207633';'436207618';'436207680';'0';'0';'0';'0';'0';'0';'0';'0';'0';'0';'0';'0';'0';'0';'0';'0';'0';'0';'0';'0';'0';'&'
'0';'616546304';'?';'0';'0';'item_set_02';'0';'0';'0';'15';'0';'0';'1';'0';'0';'0';'0';'0';'0';'0';'0';'0';'0';'0';'0';'0';'0';'0';'0';'0';'0';'0';'0';'335544350';'335544336';'335544371';'0';'0';'0';'0';'0';'0';'0';'20';'20';'20';'0';'0';'0';'0';'0';'0';'0';'0';'0';'0';'0';'0';'0';'&'
'0';'616546305';'??-??';'0';'0';'item_set_01';'0';'0';'0';'15';'0';'0';'1';'0';'0';'0';'0';'0';'0';'0';'0';'0';'0';'0';'0';'0';'0';'0';'0';'0';'0';'0';'0';'335544342';'335544346';'335544369';'0';'0';'0';'0';'0';'0';'0';'20';'20';'20';'0';'0';'0';'0';'0';'0';'0';'0';'0';'0';'0';'0';'0';'&'
'0';'616546306';'??';'0';'0';'item_set_03';'0';'0';'0';'15';'0';'0';'1';'0';'0';'0';'0';'0';'0';'0';'0';'0';'0';'0';'0';'0';'0';'0';'0';'0';'0';'0';'0';'335544330';'335544328';'335544354';'0';'0';'0';'0';'0';'0';'0';'20';'20';'20';'0';'0';'0';'0';'0';'0';'0';'0';'0';'0';'0';'0';'0';'&'
'0';'616546307';'??Best';'0';'0';'item_set_04';'0';'0';'0';'15';'0';'0';'1';'0';'0';'0';'0';'0';'0';'0';'0';'0';'0';'0';'0';'0';'0';'0';'0';'0';'0';'0';'0';'335544325';'335544322';'335544323';'0';'0';'0';'0';'0';'0';'0';'20';'20';'20';'0';'0';'0';'0';'0';'0';'0';'0';'0';'0';'0';'0';'0';'&'
'1';'616546309';'Chocolate Aztec(500pcs)';'0';'0';'item_set_01';'0';'0';'0';'34900';'0';'0';'1';'0';'0';'0';'0';'0';'0';'0';'0';'0';'0';'0';'0';'0';'0';'0';'0';'0';'0';'0';'0';'335544354';'0';'0';'0';'0';'0';'0';'0';'0';'0';'500';'0';'0';'0';'0';'0';'0';'0';'0';'0';'0';'0';'0';'0';'0';'0';'&'
'1';'616546310';'Chocolate Aztec(1000pcs)';'0';'0';'item_set_01';'0';'0';'0';'65900';'0';'0';'1';'0';'0';'0';'0';'0';'0';'0';'0';'0';'0';'0';'0';'0';'0';'0';'0';'0';'0';'0';'0';'335544354';'0';'0';'0';'0';'0';'0';'0';'0';'0';'1000';'0';'0';'0';'0';'0';'0';'0';'0';'0';'0';'0';'0';'0';'0';'0';'&'
'0';'618643456';'New item Set 3';'0';'0';'item_set_00';'0';'0';'0';'19';'0';'0';'1';'0';'0';'0';'0';'0';'0';'0';'0';'0';'0';'0';'0';'0';'0';'0';'0';'0';'0';'0';'0';'402653223';'402653224';'436207680';'0';'0';'0';'0';'0';'0';'0';'0';'0';'0';'0';'0';'0';'0';'0';'0';'0';'0';'0';'0';'0';'0';'0';'&'
'0';'618643457';'New item Set 3';'0';'0';'item_set_05';'0';'0';'0';'53';'0';'0';'1';'0';'0';'0';'0';'0';'0';'0';'0';'0';'0';'0';'0';'0';'0';'0';'0';'0';'0';'0';'0';'436207633';'436207680';'436207618';'402653190';'335544325';'335544350';'335544371';'0';'0';'0';'300';'200';'100';'10';'20';'20';'20';'0';'0';'0';'0';'0';'0';'0';'0';'0';'&'
'0';'618651648';'New item Set 3';'0';'0';'item_set_00';'0';'0';'0';'19';'0';'0';'1';'0';'0';'0';'0';'0';'0';'0';'0';'0';'0';'0';'0';'0';'0';'0';'0';'0';'0';'0';'0';'402653223';'402653224';'436207680';'0';'0';'0';'0';'0';'0';'0';'0';'0';'0';'0';'0';'0';'0';'0';'0';'0';'0';'0';'0';'0';'0';'0';'&'
'0';'618651649';'Best of Best';'0';'0';'item_set_05';'0';'0';'0';'53';'0';'0';'1';'0';'0';'0';'0';'0';'0';'0';'0';'0';'0';'0';'0';'0';'0';'0';'0';'0';'0';'0';'0';'436207633';'436207680';'436207618';'402653190';'335544325';'335544350';'335544371';'0';'0';'0';'300';'200';'100';'10';'20';'20';'20';'0';'0';'0';'0';'0';'0';'0';'0';'0';'&'
'1';'618651673';'StarBoost Candy(50EA)';'0';'0';'item_set_00';'0';'0';'0';'2900';'0';'0';'1';'0';'0';'0';'0';'0';'0';'0';'0';'0';'0';'0';'0';'0';'0';'0';'0';'0';'0';'0';'0';'436207870';'0';'0';'0';'0';'0';'0';'0';'0';'0';'50';'0';'0';'0';'0';'0';'0';'0';'0';'0';'0';'0';'0';'0';'0';'0';'&'
'1';'618651674';'StarBoost Candy(500EA)';'0';'0';'item_set_00';'0';'0';'0';'23900';'0';'0';'1';'0';'0';'0';'0';'0';'0';'0';'0';'0';'0';'0';'0';'0';'0';'0';'0';'0';'0';'0';'0';'436207870';'0';'0';'0';'0';'0';'0';'0';'0';'0';'500';'0';'0';'0';'0';'0';'0';'0';'0';'0';'0';'0';'0';'0';'0';'0';'&'
'1';'618651675';'StarBoost Candy(1000EA)';'0';'0';'item_set_00';'0';'0';'0';'39900';'0';'0';'1';'0';'0';'0';'0';'0';'0';'0';'0';'0';'0';'0';'0';'0';'0';'0';'0';'0';'0';'0';'0';'436207870';'0';'0';'0';'0';'0';'0';'0';'0';'0';'1000';'0';'0';'0';'0';'0';'0';'0';'0';'0';'0';'0';'0';'0';'0';'0';'&'
'1';'618651703';'Love Chocolate(200pcs)';'0';'0';'item_set_00';'0';'0';'0';'5700';'0';'0';'1';'0';'0';'0';'0';'0';'0';'0';'0';'0';'0';'0';'0';'0';'0';'0';'0';'0';'0';'0';'0';'436207626';'0';'0';'0';'0';'0';'0';'0';'0';'0';'200';'0';'0';'0';'0';'0';'0';'0';'0';'0';'0';'0';'0';'0';'0';'0';'&'
'1';'618651704';'Love Chocolate(350pcs)';'0';'0';'item_set_00';'0';'0';'0';'9500';'0';'0';'1';'0';'0';'0';'0';'0';'0';'0';'0';'0';'0';'0';'0';'0';'0';'0';'0';'0';'0';'0';'0';'436207626';'0';'0';'0';'0';'0';'0';'0';'0';'0';'350';'0';'0';'0';'0';'0';'0';'0';'0';'0';'0';'0';'0';'0';'0';'0';'&'
'1';'618651705';'Love Chocolate(5000pcs)';'0';'0';'item_set_00';'0';'0';'0';'129900';'0';'0';'1';'0';'0';'0';'0';'0';'0';'0';'0';'0';'0';'0';'0';'0';'0';'0';'0';'0';'0';'0';'0';'436207626';'0';'0';'0';'0';'0';'0';'0';'0';'0';'5000';'0';'0';'0';'0';'0';'0';'0';'0';'0';'0';'0';'0';'0';'0';'0';'&'
'1';'618651706';'Delight Chocolate(200pcs)';'0';'0';'item_set_00';'0';'0';'0';'5700';'0';'0';'1';'0';'0';'0';'0';'0';'0';'0';'0';'0';'0';'0';'0';'0';'0';'0';'0';'0';'0';'0';'0';'436207627';'0';'0';'0';'0';'0';'0';'0';'0';'0';'200';'0';'0';'0';'0';'0';'0';'0';'0';'0';'0';'0';'0';'0';'0';'0';'&'
'1';'618651707';'Delight Chocolate(350pcs)';'0';'0';'item_set_00';'0';'0';'0';'9500';'0';'0';'1';'0';'0';'0';'0';'0';'0';'0';'0';'0';'0';'0';'0';'0';'0';'0';'0';'0';'0';'0';'0';'436207627';'0';'0';'0';'0';'0';'0';'0';'0';'0';'350';'0';'0';'0';'0';'0';'0';'0';'0';'0';'0';'0';'0';'0';'0';'0';'&'
'1';'618651708';'Delight Chocolate(5000pcs)';'0';'0';'item_set_00';'0';'0';'0';'129900';'0';'0';'1';'0';'0';'0';'0';'0';'0';'0';'0';'0';'0';'0';'0';'0';'0';'0';'0';'0';'0';'0';'0';'436207627';'0';'0';'0';'0';'0';'0';'0';'0';'0';'5000';'0';'0';'0';'0';'0';'0';'0';'0';'0';'0';'0';'0';'0';'0';'0';'&'
'0';'622829568';'??? ?????';'0';'0';'item_set_00';'0';'0';'0';'60';'45';'0';'1';'0';'0';'0';'0';'0';'0';'0';'0';'0';'0';'0';'0';'0';'0';'0';'0';'0';'0';'0';'0';'2092957696';'2092957696';'2092957696';'2092957696';'0';'0';'0';'0';'0';'0';'0';'0';'0';'0';'0';'0';'0';'0';'0';'0';'0';'0';'0';'0';'0';'0';'&'
