'Use';'ItemID';'ItemName';'lvlReq';'isMaxLVL';'Icon';'Not Used';'Not Used';'Not Used';'Price';'Discount Price';'Used Price';'Money Flags';'Shop Flags';'Time Flags';'Time';'Point';'From Year';'From Month';'From 0';'From Day';'From Hour';'From Minute';'From Second';'From Millisecond';'To Year';'To Month';'To 0';'To Day';'To Hour';'To Minute';'To Second';'To Millisecond';'Icon2?';'Amount';'NA';'NA';'NA';'NA';'NA';'NA';'NA';'NA';'NA';'NA';'NA';'NA';'NA';'NA';'NA';'NA';'NA';'NA'
'1';'939524096';'Rabbit & Orange';'0';'0';'skin_001i';'0';'0';'0';'1900';'0';'0';'1';'1';'0';'0';'0';'0';'0';'0';'0';'0';'0';'0';'0';'0';'0';'0';'0';'0';'0';'0';'0';'0';'0';'0';'0';'0';'0';'0';'0';'0';'0';'0';'108';'7';'0';'0';'2900';'0';'13900';'0';'&'
'1';'939524097';'Tea Time';'0';'0';'skin_002i';'0';'0';'0';'1900';'0';'0';'1';'1';'0';'0';'0';'0';'0';'0';'0';'0';'0';'0';'0';'0';'0';'0';'0';'0';'0';'0';'0';'0';'0';'0';'0';'0';'0';'0';'0';'0';'0';'0';'108';'7';'0';'0';'2900';'0';'13900';'0';'&'
'1';'939524098';'Rabbit & Carrot';'0';'0';'skin_003i';'0';'0';'0';'1200';'0';'0';'1';'1';'0';'0';'0';'0';'0';'0';'0';'0';'0';'0';'0';'0';'0';'0';'0';'0';'0';'0';'0';'0';'0';'0';'0';'0';'0';'0';'0';'0';'0';'0';'176';'4';'0';'0';'1900';'0';'10900';'0';'&'
'1';'939524099';'Mattress';'0';'0';'skin_004i';'0';'0';'0';'10000';'0';'0';'0';'3';'0';'0';'0';'0';'0';'0';'0';'0';'0';'0';'0';'0';'0';'0';'0';'0';'0';'0';'0';'256';'0';'0';'0';'0';'0';'0';'0';'0';'0';'0';'16';'39';'0';'0';'19000';'0';'24464';'1';'&'
'1';'939524100';'The Best Rice';'0';'0';'skin_005i';'0';'0';'0';'1900';'0';'0';'1';'1';'0';'0';'0';'0';'0';'0';'0';'0';'0';'0';'0';'0';'0';'0';'0';'0';'0';'0';'0';'0';'0';'0';'0';'0';'0';'0';'0';'0';'0';'0';'108';'7';'0';'0';'2900';'0';'13900';'0';'&'
'1';'939524101';'Ivy Vines';'0';'0';'skin_006i';'0';'0';'0';'1200';'0';'0';'1';'1';'0';'0';'0';'0';'0';'0';'0';'0';'0';'0';'0';'0';'0';'0';'0';'0';'0';'0';'0';'0';'0';'0';'0';'0';'0';'0';'0';'0';'0';'0';'176';'4';'0';'0';'1900';'0';'10900';'0';'&'
'1';'939524102';'Purple Tiki';'0';'0';'skin_007i';'0';'0';'0';'1900';'0';'0';'1';'1';'0';'0';'0';'0';'0';'0';'0';'0';'0';'0';'0';'0';'0';'0';'0';'0';'0';'0';'0';'0';'0';'0';'0';'0';'0';'0';'0';'0';'0';'0';'108';'7';'0';'0';'2900';'0';'13900';'0';'&'
'1';'939524103';'Green Tiki';'0';'0';'skin_008i';'0';'0';'0';'1900';'0';'0';'1';'33';'0';'0';'0';'0';'0';'0';'0';'0';'0';'0';'0';'0';'0';'0';'0';'0';'0';'0';'0';'0';'0';'0';'0';'0';'0';'0';'0';'0';'0';'0';'108';'7';'0';'0';'2900';'0';'13900';'0';'&'
'0';'939524104';'Valentineday 1';'0';'0';'skin_009i';'0';'0';'0';'10000000';'0';'0';'0';'0';'0';'0';'0';'0';'0';'0';'0';'0';'0';'0';'0';'0';'0';'0';'0';'0';'0';'0';'0';'0';'0';'0';'0';'0';'0';'0';'0';'0';'0';'0';'0';'0';'0';'0';'10';'0';'18';'0';'&'
'0';'939524105';'Valentineday 2';'0';'0';'skin_010i';'0';'0';'0';'10000000';'0';'0';'0';'0';'0';'0';'0';'0';'0';'0';'0';'0';'0';'0';'0';'0';'0';'0';'0';'0';'0';'0';'0';'0';'0';'0';'0';'0';'0';'0';'0';'0';'0';'0';'0';'0';'0';'0';'10';'0';'18';'0';'&'
'1';'939524106';'Buble Pang Bag';'0';'0';'skin_129i_jp';'0';'0';'0';'1900';'0';'0';'1';'33';'0';'0';'0';'0';'0';'0';'0';'0';'0';'0';'0';'0';'0';'0';'0';'0';'0';'0';'0';'0';'0';'0';'0';'0';'0';'0';'0';'0';'0';'0';'108';'7';'0';'0';'2900';'0';'13900';'0';'&'
'1';'939524107';'Blue Lagoon';'0';'0';'skin_131i_jp';'0';'0';'0';'5000';'0';'0';'0';'3';'0';'0';'0';'0';'0';'0';'0';'0';'0';'0';'0';'0';'0';'0';'0';'0';'0';'0';'0';'0';'0';'0';'0';'0';'0';'0';'0';'0';'0';'0';'0';'0';'0';'0';'5000';'0';'29000';'0';'&'
'1';'939524108';'Blue Sky';'0';'0';'skin_139i_jp';'0';'0';'0';'4000';'0';'0';'0';'3';'0';'0';'0';'0';'0';'0';'0';'0';'0';'0';'0';'0';'0';'0';'0';'0';'0';'0';'0';'0';'0';'0';'0';'0';'0';'0';'0';'0';'0';'0';'0';'0';'0';'0';'4000';'0';'23000';'0';'&'
'1';'939524224';'Chuthamat Wall';'0';'0';'skin_128i_th';'0';'0';'0';'1000';'0';'0';'0';'3';'0';'0';'0';'0';'0';'0';'0';'0';'0';'0';'0';'0';'0';'0';'0';'0';'0';'0';'0';'0';'0';'0';'0';'0';'0';'0';'0';'0';'0';'0';'232';'3';'0';'0';'1900';'0';'9000';'0';'&'
'1';'939524225';'Prawwaree Wall';'0';'0';'skin_129i_th';'0';'0';'0';'1200';'0';'0';'1';'1';'0';'0';'0';'0';'0';'0';'0';'0';'0';'0';'0';'0';'0';'0';'0';'0';'0';'0';'0';'0';'0';'0';'0';'0';'0';'0';'0';'0';'0';'0';'176';'4';'0';'0';'1900';'0';'10900';'0';'&'
'0';'939524226';'NB2';'0';'0';'skin_130i';'0';'0';'0';'10000000';'0';'0';'0';'0';'0';'0';'0';'0';'0';'0';'0';'0';'0';'0';'0';'0';'0';'0';'0';'0';'0';'0';'0';'0';'0';'0';'0';'0';'0';'0';'0';'0';'0';'0';'0';'0';'0';'0';'10';'0';'18';'0';'&'
'0';'939524227';'Magic Stars(USA)';'0';'0';'skin_131i';'0';'0';'0';'18';'0';'0';'1';'0';'0';'0';'0';'0';'0';'0';'0';'0';'0';'0';'0';'0';'0';'0';'0';'0';'0';'0';'0';'0';'0';'0';'0';'0';'0';'0';'18';'0';'0';'0';'36';'0';'0';'0';'72';'0';'0';'0';'&'
'0';'939524228';'Dolfini(USA)';'0';'0';'skin_132i';'0';'0';'0';'18';'0';'0';'1';'0';'0';'0';'0';'0';'0';'0';'0';'0';'0';'0';'0';'0';'0';'0';'0';'0';'0';'0';'0';'0';'0';'0';'0';'0';'0';'0';'18';'0';'0';'0';'36';'0';'0';'0';'72';'0';'0';'0';'&'
'0';'939524229';'Orange(USA)';'0';'0';'skin_133i';'0';'0';'0';'18';'0';'0';'1';'0';'0';'0';'0';'0';'0';'0';'0';'0';'0';'0';'0';'0';'0';'0';'0';'0';'0';'0';'0';'0';'0';'0';'0';'0';'0';'0';'18';'0';'0';'0';'36';'0';'0';'0';'72';'0';'0';'0';'&'
'0';'939524230';'Blue Eagle(PH)';'0';'0';'skin_134i';'0';'0';'0';'750';'0';'0';'1';'0';'0';'0';'0';'0';'0';'0';'0';'0';'0';'0';'0';'0';'0';'0';'0';'0';'0';'0';'0';'0';'0';'0';'0';'0';'0';'0';'238';'2';'0';'0';'220';'5';'0';'0';'5000';'0';'0';'0';'&'
'0';'939524231';'Green Archer(PH)';'0';'0';'skin_135i';'0';'0';'0';'750';'0';'0';'1';'0';'0';'0';'0';'0';'0';'0';'0';'0';'0';'0';'0';'0';'0';'0';'0';'0';'0';'0';'0';'0';'0';'0';'0';'0';'0';'0';'238';'2';'0';'0';'220';'5';'0';'0';'5000';'0';'0';'0';'&'
'0';'939524232';'Yellow Tiger(PH)';'0';'0';'skin_136i';'0';'0';'0';'750';'0';'0';'1';'0';'0';'0';'0';'0';'0';'0';'0';'0';'0';'0';'0';'0';'0';'0';'0';'0';'0';'0';'0';'0';'0';'0';'0';'0';'0';'0';'238';'2';'0';'0';'220';'5';'0';'0';'5000';'0';'0';'0';'&'
'0';'939524233';'Singapore Theme(SG)';'0';'0';'skin_137i';'0';'0';'0';'750';'0';'0';'1';'0';'0';'0';'0';'0';'0';'0';'0';'0';'0';'0';'0';'0';'0';'0';'0';'0';'0';'0';'0';'0';'0';'0';'0';'0';'0';'0';'238';'2';'0';'0';'220';'5';'0';'0';'5000';'0';'0';'0';'&'
'0';'939524234';'Malaysia Theme(SG)';'0';'0';'skin_138i';'0';'0';'0';'750';'0';'0';'1';'0';'0';'0';'0';'0';'0';'0';'0';'0';'0';'0';'0';'0';'0';'0';'0';'0';'0';'0';'0';'0';'0';'0';'0';'0';'0';'0';'238';'2';'0';'0';'220';'5';'0';'0';'5000';'0';'0';'0';'&'
'0';'939524235';'Hallow(PH)';'0';'0';'skin_139i';'0';'0';'0';'750';'0';'0';'3';'0';'0';'0';'0';'0';'0';'0';'0';'0';'0';'0';'0';'0';'0';'0';'0';'0';'0';'0';'0';'0';'0';'0';'0';'0';'0';'0';'238';'2';'0';'0';'220';'5';'0';'0';'5000';'0';'0';'0';'&'
'0';'939524236';'New Year Skin(SG)';'0';'0';'skin_140i';'0';'0';'0';'750';'0';'0';'3';'0';'0';'0';'0';'0';'0';'0';'0';'0';'0';'0';'0';'0';'0';'0';'0';'0';'0';'0';'0';'0';'0';'0';'0';'0';'0';'0';'238';'2';'0';'0';'220';'5';'0';'0';'5000';'0';'0';'0';'&'
'1';'943718400';'Bird Cage Frame';'0';'0';'frame_001i';'0';'0';'0';'1900';'0';'0';'1';'33';'0';'0';'0';'0';'0';'0';'0';'0';'0';'0';'0';'0';'0';'0';'0';'0';'0';'0';'0';'0';'0';'0';'0';'0';'0';'0';'0';'0';'0';'0';'108';'7';'0';'0';'2900';'0';'13900';'0';'&'
'1';'943718401';'Stamp Frame';'0';'0';'frame_002i';'0';'0';'0';'1900';'0';'0';'1';'1';'0';'0';'0';'0';'0';'0';'0';'0';'0';'0';'0';'0';'0';'0';'0';'0';'0';'0';'0';'0';'0';'0';'0';'0';'0';'0';'0';'0';'0';'0';'108';'7';'0';'0';'2900';'0';'13900';'0';'&'
'1';'943718402';'Teakwood Frame';'0';'0';'frame_003i';'0';'0';'0';'1900';'0';'0';'1';'1';'0';'0';'0';'0';'0';'0';'0';'0';'0';'0';'0';'0';'0';'0';'0';'0';'0';'0';'0';'0';'0';'0';'0';'0';'0';'0';'0';'0';'0';'0';'108';'7';'0';'0';'2900';'0';'13900';'0';'&'
'1';'943718403';'Antic Frame';'0';'0';'frame_004i';'0';'0';'0';'1200';'0';'0';'1';'1';'0';'0';'0';'0';'0';'0';'0';'0';'0';'0';'0';'0';'0';'0';'0';'0';'0';'0';'0';'0';'0';'0';'0';'0';'0';'0';'0';'0';'0';'0';'176';'4';'0';'0';'1900';'0';'10900';'0';'&'
'1';'943718404';'Log Round Frame';'0';'0';'frame_005i';'0';'0';'0';'1900';'0';'0';'1';'33';'0';'0';'0';'0';'0';'0';'0';'0';'0';'0';'0';'0';'0';'0';'0';'0';'0';'0';'0';'0';'0';'0';'0';'0';'0';'0';'0';'0';'0';'0';'108';'7';'0';'0';'2900';'0';'13900';'0';'&'
'1';'943718405';'Jungle Frame';'0';'0';'frame_006i';'0';'0';'0';'1900';'0';'0';'1';'1';'0';'0';'0';'0';'0';'0';'0';'0';'0';'0';'0';'0';'0';'0';'0';'0';'0';'0';'0';'0';'0';'0';'0';'0';'0';'0';'0';'0';'0';'0';'108';'7';'0';'0';'2900';'0';'13900';'0';'&'
'1';'943718406';'Golden Frame';'0';'0';'frame_007i';'0';'0';'0';'1000';'0';'0';'0';'3';'0';'0';'0';'0';'0';'0';'0';'0';'0';'0';'0';'0';'0';'0';'0';'0';'0';'0';'0';'0';'0';'0';'0';'0';'0';'0';'0';'0';'0';'0';'232';'3';'0';'0';'1900';'0';'9000';'0';'&'
'1';'943718407';'Star Force Frame';'0';'0';'frame_008i';'0';'0';'0';'1900';'0';'0';'1';'1';'0';'0';'0';'0';'0';'0';'0';'0';'0';'0';'0';'0';'0';'0';'0';'0';'0';'0';'0';'0';'0';'0';'0';'0';'0';'0';'0';'0';'0';'0';'108';'7';'0';'0';'2900';'0';'13900';'0';'&'
'1';'943718408';'Bronze Frame';'0';'0';'frame_009i';'0';'0';'0';'1200';'0';'0';'1';'1';'0';'0';'0';'0';'0';'0';'0';'0';'0';'0';'0';'0';'0';'0';'0';'0';'0';'0';'0';'0';'0';'0';'0';'0';'0';'0';'0';'0';'0';'0';'176';'4';'0';'0';'1900';'0';'10900';'0';'&'
'1';'943718409';'Pink Water Frame';'0';'0';'frame_010i';'0';'0';'0';'1900';'0';'0';'1';'1';'0';'0';'0';'0';'0';'0';'0';'0';'0';'0';'0';'0';'0';'0';'0';'0';'0';'0';'0';'0';'0';'0';'0';'0';'0';'0';'0';'0';'0';'0';'108';'7';'0';'0';'2900';'0';'13900';'0';'&'
'1';'943718410';'Green Water Frame';'0';'0';'frame_011i';'0';'0';'0';'1900';'0';'0';'1';'1';'0';'0';'0';'0';'0';'0';'0';'0';'0';'0';'0';'0';'0';'0';'0';'0';'0';'0';'0';'0';'0';'0';'0';'0';'0';'0';'0';'0';'0';'0';'108';'7';'0';'0';'2900';'0';'13900';'0';'&'
'1';'943718411';'Flower Garden Frame';'0';'0';'frame_012i';'0';'0';'0';'1200';'0';'0';'1';'33';'0';'0';'0';'0';'0';'0';'0';'0';'0';'0';'0';'0';'0';'0';'0';'0';'0';'0';'0';'0';'0';'0';'0';'0';'0';'0';'0';'0';'0';'0';'176';'4';'0';'0';'1900';'0';'10900';'0';'&'
'1';'943718412';'Movie Film Frame';'0';'0';'frame_013i';'0';'0';'0';'1900';'0';'0';'1';'1';'0';'0';'0';'0';'0';'0';'0';'0';'0';'0';'0';'0';'0';'0';'0';'0';'0';'0';'0';'0';'0';'0';'0';'0';'0';'0';'0';'0';'0';'0';'108';'7';'0';'0';'2900';'0';'13900';'0';'&'
'0';'943718413';'Valentineday Frame';'0';'0';'frame_014i';'0';'0';'0';'10000000';'0';'0';'0';'0';'0';'0';'0';'0';'0';'0';'0';'0';'0';'0';'0';'0';'0';'0';'0';'0';'0';'0';'0';'0';'0';'0';'0';'0';'0';'0';'0';'0';'0';'0';'0';'0';'0';'0';'9';'0';'16';'0';'&'
'1';'943718414';'Caddie Land Frame';'0';'0';'frame_132i_jp';'0';'0';'0';'3000';'0';'0';'0';'3';'0';'0';'0';'0';'0';'0';'0';'0';'0';'0';'0';'0';'0';'0';'0';'0';'0';'0';'0';'0';'0';'0';'0';'0';'0';'0';'0';'0';'0';'0';'0';'0';'0';'0';'3000';'0';'17900';'0';'&'
'1';'943718415';'Star Round Frame';'0';'0';'frame_135i_jp';'0';'0';'0';'2000';'0';'0';'0';'3';'0';'0';'0';'0';'0';'0';'0';'0';'0';'0';'0';'0';'0';'0';'0';'0';'0';'0';'0';'0';'0';'0';'0';'0';'0';'0';'0';'0';'0';'0';'0';'0';'0';'0';'2000';'0';'10900';'0';'&'
'0';'943718528';'New Year Frame';'0';'0';'frame_128i';'0';'0';'0';'10000000';'0';'0';'0';'0';'0';'0';'0';'0';'0';'0';'0';'0';'0';'0';'0';'0';'0';'0';'0';'0';'0';'0';'0';'0';'0';'0';'0';'0';'0';'0';'0';'0';'0';'0';'0';'0';'0';'0';'9';'0';'16';'0';'&'
'0';'943718529';'Autumn Blossorn(USA)';'0';'0';'frame_129i';'0';'0';'0';'18';'0';'0';'1';'0';'0';'0';'0';'0';'0';'0';'0';'0';'0';'0';'0';'0';'0';'0';'0';'0';'0';'0';'0';'0';'0';'0';'0';'0';'0';'0';'18';'0';'0';'0';'36';'0';'0';'0';'72';'0';'0';'0';'&'
'0';'943718530';'Just A Squares(USA)';'0';'0';'frame_130i';'0';'0';'0';'18';'0';'0';'1';'0';'0';'0';'0';'0';'0';'0';'0';'0';'0';'0';'0';'0';'0';'0';'0';'0';'0';'0';'0';'0';'0';'0';'0';'0';'0';'0';'18';'0';'0';'0';'36';'0';'0';'0';'72';'0';'0';'0';'&'
'0';'943718531';'Household(USA)';'0';'0';'frame_131i';'0';'0';'0';'18';'0';'0';'1';'0';'0';'0';'0';'0';'0';'0';'0';'0';'0';'0';'0';'0';'0';'0';'0';'0';'0';'0';'0';'0';'0';'0';'0';'0';'0';'0';'18';'0';'0';'0';'36';'0';'0';'0';'72';'0';'0';'0';'&'
'0';'943718532';'SS-3(USA)';'0';'0';'frame_132i';'0';'0';'0';'18';'0';'0';'1';'0';'0';'0';'0';'0';'0';'0';'0';'0';'0';'0';'0';'0';'0';'0';'0';'0';'0';'0';'0';'0';'0';'0';'0';'0';'0';'0';'18';'0';'0';'0';'36';'0';'0';'0';'72';'0';'0';'0';'&'
'0';'943718533';'Singapore Theme(SG)';'0';'0';'frame_133i';'0';'0';'0';'18';'0';'0';'1';'0';'0';'0';'0';'0';'0';'0';'0';'0';'0';'0';'0';'0';'0';'0';'0';'0';'0';'0';'0';'0';'0';'0';'0';'0';'0';'0';'18';'0';'0';'0';'36';'0';'0';'0';'72';'0';'0';'0';'&'
'0';'943718534';'Malaysia Theme(SG)';'0';'0';'frame_134i';'0';'0';'0';'18';'0';'0';'1';'0';'0';'0';'0';'0';'0';'0';'0';'0';'0';'0';'0';'0';'0';'0';'0';'0';'0';'0';'0';'0';'0';'0';'0';'0';'0';'0';'18';'0';'0';'0';'36';'0';'0';'0';'72';'0';'0';'0';'&'
'0';'943718535';'New Year Frame(SG)';'0';'0';'frame_135i';'0';'0';'0';'18';'0';'0';'1';'0';'0';'0';'0';'0';'0';'0';'0';'0';'0';'0';'0';'0';'0';'0';'0';'0';'0';'0';'0';'0';'0';'0';'0';'0';'0';'0';'18';'0';'0';'0';'36';'0';'0';'0';'72';'0';'0';'0';'&'
'1';'947912704';'Kuma Sticker';'0';'0';'sticker_001i';'0';'0';'0';'4900';'0';'0';'1';'1';'0';'0';'0';'0';'0';'0';'0';'0';'0';'0';'0';'0';'0';'0';'0';'0';'0';'0';'0';'0';'0';'0';'0';'0';'0';'0';'0';'0';'0';'0';'36';'19';'0';'0';'8900';'0';'14900';'0';'&'
'1';'947912705';'Heart Sticker';'0';'0';'sticker_002i';'0';'0';'0';'2900';'0';'0';'1';'1';'0';'0';'0';'0';'0';'0';'0';'0';'0';'0';'0';'0';'0';'0';'0';'0';'0';'0';'0';'0';'0';'0';'0';'0';'0';'0';'0';'0';'0';'0';'84';'11';'0';'0';'4900';'0';'12900';'0';'&'
'1';'947912706';'Bag Gang Sticker';'0';'0';'sticker_003i';'0';'0';'0';'5000';'0';'0';'0';'3';'0';'0';'0';'0';'0';'0';'0';'0';'0';'0';'0';'0';'0';'0';'0';'0';'0';'0';'0';'0';'0';'0';'0';'0';'0';'0';'0';'0';'0';'0';'136';'19';'0';'0';'9000';'0';'29900';'0';'&'
'1';'947912707';'Lease Sticker';'0';'0';'sticker_004i';'0';'0';'0';'2900';'0';'0';'1';'1';'0';'0';'0';'0';'0';'0';'0';'0';'0';'0';'0';'0';'0';'0';'0';'0';'0';'0';'0';'0';'0';'0';'0';'0';'0';'0';'0';'0';'0';'0';'84';'11';'0';'0';'4900';'0';'12900';'0';'&'
'1';'947912708';'Moji Sticker';'0';'0';'sticker_005i';'0';'0';'0';'4900';'0';'0';'1';'1';'0';'0';'0';'0';'0';'0';'0';'0';'0';'0';'0';'0';'0';'0';'0';'0';'0';'0';'0';'0';'0';'0';'0';'0';'0';'0';'0';'0';'0';'0';'36';'19';'0';'0';'8900';'0';'14900';'0';'&'
'1';'947912709';'Piggy Bank Sticker';'0';'0';'sticker_006i';'0';'0';'0';'2900';'0';'0';'1';'1';'0';'0';'0';'0';'0';'0';'0';'0';'0';'0';'0';'0';'0';'0';'0';'0';'0';'0';'0';'0';'0';'0';'0';'0';'0';'0';'0';'0';'0';'0';'84';'11';'0';'0';'4900';'0';'12900';'0';'&'
'1';'947912710';'Pink Flower Sticker';'0';'0';'sticker_007i';'0';'0';'0';'2900';'0';'0';'1';'1';'0';'0';'0';'0';'0';'0';'0';'0';'0';'0';'0';'0';'0';'0';'0';'0';'0';'0';'0';'0';'0';'0';'0';'0';'0';'0';'0';'0';'0';'0';'84';'11';'0';'0';'4900';'0';'12900';'0';'&'
'1';'947912711';'Blue Flower Sticker';'0';'0';'sticker_008i';'0';'0';'0';'2900';'0';'0';'1';'1';'0';'0';'0';'0';'0';'0';'0';'0';'0';'0';'0';'0';'0';'0';'0';'0';'0';'0';'0';'0';'0';'0';'0';'0';'0';'0';'0';'0';'0';'0';'84';'11';'0';'0';'4900';'0';'12900';'0';'&'
'1';'947912712';'Victory Sticker';'0';'0';'sticker_009i';'0';'0';'0';'4900';'0';'0';'1';'1';'0';'0';'0';'0';'0';'0';'0';'0';'0';'0';'0';'0';'0';'0';'0';'0';'0';'0';'0';'0';'0';'0';'0';'0';'0';'0';'0';'0';'0';'0';'36';'19';'0';'0';'8900';'0';'14900';'0';'&'
'1';'947912713';'Pang Bag Sticker';'0';'0';'sticker_010i';'0';'0';'0';'3990';'0';'0';'1';'1';'0';'0';'0';'0';'0';'0';'0';'0';'0';'0';'0';'0';'0';'0';'0';'0';'0';'0';'0';'0';'0';'0';'0';'0';'0';'0';'0';'0';'0';'0';'150';'15';'0';'0';'6900';'0';'13900';'0';'&'
'1';'947912714';'Cat Bag Sticker';'0';'0';'sticker_011i';'0';'0';'0';'4900';'0';'0';'1';'1';'0';'0';'0';'0';'0';'0';'0';'0';'0';'0';'0';'0';'0';'0';'0';'0';'0';'0';'0';'0';'0';'0';'0';'0';'0';'0';'0';'0';'0';'0';'36';'19';'0';'0';'8900';'0';'14900';'0';'&'
'1';'947912715';'Black Bag Sticker';'0';'0';'sticker_012i';'0';'0';'0';'4900';'0';'0';'1';'1';'0';'0';'0';'0';'0';'0';'0';'0';'0';'0';'0';'0';'0';'0';'0';'0';'0';'0';'0';'0';'0';'0';'0';'0';'0';'0';'0';'0';'0';'0';'36';'19';'0';'0';'8900';'0';'14900';'0';'&'
'1';'947912716';'Red Bag Sticker';'0';'0';'sticker_013i';'0';'0';'0';'4900';'0';'0';'1';'1';'0';'0';'0';'0';'0';'0';'0';'0';'0';'0';'0';'0';'0';'0';'0';'0';'0';'0';'0';'0';'0';'0';'0';'0';'0';'0';'0';'0';'0';'0';'36';'19';'0';'0';'8900';'0';'14900';'0';'&'
'1';'947912717';'Santa Bag Sticker';'0';'0';'sticker_014i';'0';'0';'0';'4990';'0';'0';'1';'1';'0';'0';'0';'0';'0';'0';'0';'0';'0';'0';'0';'0';'0';'0';'0';'0';'0';'0';'0';'0';'0';'0';'0';'0';'0';'0';'0';'0';'0';'0';'126';'19';'0';'0';'8900';'0';'14900';'0';'&'
'1';'947912718';'Dolphini Sticker';'0';'0';'sticker_015i';'0';'0';'0';'3900';'0';'0';'1';'33';'0';'0';'0';'0';'0';'0';'0';'0';'0';'0';'0';'0';'0';'0';'0';'0';'0';'0';'0';'0';'0';'0';'0';'0';'0';'0';'0';'0';'0';'0';'60';'15';'0';'0';'6900';'0';'13900';'0';'&'
'1';'947912719';'Titan Boo Sticker';'0';'0';'sticker_016i';'0';'0';'0';'6900';'0';'0';'1';'1';'0';'0';'0';'0';'0';'0';'0';'0';'0';'0';'0';'0';'0';'0';'0';'0';'0';'0';'0';'0';'0';'0';'0';'0';'0';'0';'0';'0';'0';'0';'244';'26';'0';'0';'12900';'0';'24900';'0';'&'
'1';'947912720';'Tiki Sticker';'0';'0';'sticker_017i';'0';'0';'0';'4900';'0';'0';'1';'33';'0';'0';'0';'0';'0';'0';'0';'0';'0';'0';'0';'0';'0';'0';'0';'0';'0';'0';'0';'0';'0';'0';'0';'0';'0';'0';'0';'0';'0';'0';'36';'19';'0';'0';'8900';'0';'14900';'0';'&'
'1';'947912721';'Pippin Sticker';'0';'0';'sticker_018i';'0';'0';'0';'3900';'0';'0';'1';'33';'0';'0';'0';'0';'0';'0';'0';'0';'0';'0';'0';'0';'0';'0';'0';'0';'0';'0';'0';'0';'0';'0';'0';'0';'0';'0';'0';'0';'0';'0';'60';'15';'0';'0';'6900';'0';'13900';'0';'&'
'1';'947912722';'Lolo Sticker';'0';'0';'sticker_019i';'0';'0';'0';'4900';'0';'0';'1';'1';'0';'0';'0';'0';'0';'0';'0';'0';'0';'0';'0';'0';'0';'0';'0';'0';'0';'0';'0';'0';'0';'0';'0';'0';'0';'0';'0';'0';'0';'0';'36';'19';'0';'0';'8900';'0';'14900';'0';'&'
'1';'947912723';'Cadie Sticker';'0';'0';'sticker_020i';'0';'0';'0';'6900';'0';'0';'1';'1';'0';'0';'0';'0';'0';'0';'0';'0';'0';'0';'0';'0';'0';'0';'0';'0';'0';'0';'0';'0';'0';'0';'0';'0';'0';'0';'0';'0';'0';'0';'244';'26';'0';'0';'12900';'0';'24900';'0';'&'
'1';'947912724';'Birthday Sticker';'0';'0';'sticker_021i';'0';'0';'0';'10000000';'0';'0';'0';'0';'0';'0';'0';'0';'0';'0';'0';'0';'0';'0';'0';'0';'0';'0';'0';'0';'0';'0';'0';'0';'0';'0';'0';'0';'0';'0';'0';'0';'0';'0';'160';'134';'1';'0';'34464';'1';'34464';'1';'&'
'0';'947912725';'Valentineday Sticker1';'0';'0';'sticker_022i';'0';'0';'0';'10000000';'0';'0';'0';'0';'0';'0';'0';'0';'0';'0';'0';'0';'0';'0';'0';'0';'0';'0';'0';'0';'0';'0';'0';'0';'0';'0';'0';'0';'0';'0';'0';'0';'0';'0';'0';'0';'0';'0';'12';'0';'20';'0';'&'
'0';'947912726';'Valentineday Sticker2';'0';'0';'sticker_023i';'0';'0';'0';'10000000';'0';'0';'0';'0';'0';'0';'0';'0';'0';'0';'0';'0';'0';'0';'0';'0';'0';'0';'0';'0';'0';'0';'0';'0';'0';'0';'0';'0';'0';'0';'0';'0';'0';'0';'0';'0';'0';'0';'12';'0';'20';'0';'&'
'1';'947912727';'Sleeping Boo Sticker';'0';'0';'sticker_133i_jp';'0';'0';'0';'5000';'0';'0';'0';'3';'0';'0';'0';'0';'0';'0';'0';'0';'0';'0';'0';'0';'0';'0';'0';'0';'0';'0';'0';'0';'0';'0';'0';'0';'0';'0';'0';'0';'0';'0';'136';'19';'0';'0';'9000';'0';'29900';'0';'&'
'1';'947912728';'Gauge Sticker';'0';'0';'sticker_137i_jp';'0';'0';'0';'4900';'0';'0';'1';'1';'0';'0';'0';'0';'0';'0';'0';'0';'0';'0';'0';'0';'0';'0';'0';'0';'0';'0';'0';'0';'0';'0';'0';'0';'0';'0';'0';'0';'0';'0';'36';'19';'0';'0';'8900';'0';'14900';'0';'&'
'0';'947912729';'???? ? ???';'0';'0';'sticker_25i_jp';'0';'0';'0';'10000000';'0';'0';'0';'0';'0';'0';'0';'0';'0';'0';'0';'0';'0';'0';'0';'0';'0';'0';'0';'0';'0';'0';'0';'0';'0';'0';'0';'0';'0';'0';'0';'0';'0';'0';'0';'0';'0';'0';'0';'0';'0';'0';'&'
'0';'947912730';'Give me choclate';'0';'0';'sticker_26i_jp';'0';'0';'0';'10000000';'0';'0';'0';'0';'0';'0';'0';'0';'0';'0';'0';'0';'0';'0';'0';'0';'0';'0';'0';'0';'0';'0';'0';'0';'0';'0';'0';'0';'0';'0';'0';'0';'0';'0';'0';'0';'0';'0';'0';'0';'0';'0';'&'
'0';'947912832';'New Year Sticker';'0';'0';'sticker_128i';'0';'0';'0';'10000000';'0';'0';'0';'0';'0';'0';'0';'0';'0';'0';'0';'0';'0';'0';'0';'0';'0';'0';'0';'0';'0';'0';'0';'0';'0';'0';'0';'0';'0';'0';'0';'0';'0';'0';'0';'0';'0';'0';'12';'0';'20';'0';'&'
'0';'947912845';'Ebort Sticker 00(JP)';'0';'0';'';'0';'0';'0';'0';'0';'0';'0';'0';'0';'0';'0';'0';'0';'0';'0';'0';'0';'0';'0';'0';'0';'0';'0';'0';'0';'0';'0';'0';'0';'0';'0';'0';'0';'0';'0';'0';'0';'0';'0';'0';'0';'0';'0';'0';'0';'0';'&'
'0';'947912846';'Ebort Sticker 01(JP)';'0';'0';'';'0';'0';'0';'0';'0';'0';'0';'0';'0';'0';'0';'0';'0';'0';'0';'0';'0';'0';'0';'0';'0';'0';'0';'0';'0';'0';'0';'0';'0';'0';'0';'0';'0';'0';'0';'0';'0';'0';'0';'0';'0';'0';'0';'0';'0';'0';'&'
'0';'947912847';'Ebort Sticker 02(JP)';'0';'0';'';'0';'0';'0';'0';'0';'0';'0';'0';'0';'0';'0';'0';'0';'0';'0';'0';'0';'0';'0';'0';'0';'0';'0';'0';'0';'0';'0';'0';'0';'0';'0';'0';'0';'0';'0';'0';'0';'0';'0';'0';'0';'0';'0';'0';'0';'0';'&'
'0';'947912848';'Ebort Sticker 03(JP)';'0';'0';'';'0';'0';'0';'0';'0';'0';'0';'0';'0';'0';'0';'0';'0';'0';'0';'0';'0';'0';'0';'0';'0';'0';'0';'0';'0';'0';'0';'0';'0';'0';'0';'0';'0';'0';'0';'0';'0';'0';'0';'0';'0';'0';'0';'0';'0';'0';'&'
'0';'947912849';'Ebort Sticker 04(JP)';'0';'0';'';'0';'0';'0';'0';'0';'0';'0';'0';'0';'0';'0';'0';'0';'0';'0';'0';'0';'0';'0';'0';'0';'0';'0';'0';'0';'0';'0';'0';'0';'0';'0';'0';'0';'0';'0';'0';'0';'0';'0';'0';'0';'0';'0';'0';'0';'0';'&'
'0';'947912850';'Ebort Sticker 05(JP)';'0';'0';'';'0';'0';'0';'0';'0';'0';'0';'0';'0';'0';'0';'0';'0';'0';'0';'0';'0';'0';'0';'0';'0';'0';'0';'0';'0';'0';'0';'0';'0';'0';'0';'0';'0';'0';'0';'0';'0';'0';'0';'0';'0';'0';'0';'0';'0';'0';'&'
'0';'947912851';'Ebort Sticker 06(JP)';'0';'0';'';'0';'0';'0';'0';'0';'0';'0';'0';'0';'0';'0';'0';'0';'0';'0';'0';'0';'0';'0';'0';'0';'0';'0';'0';'0';'0';'0';'0';'0';'0';'0';'0';'0';'0';'0';'0';'0';'0';'0';'0';'0';'0';'0';'0';'0';'0';'&'
'0';'947912852';'Tomahawk Hero(USA)';'0';'0';'sticker_148i';'0';'0';'0';'13';'0';'0';'1';'0';'0';'0';'0';'0';'0';'0';'0';'0';'0';'0';'0';'0';'0';'0';'0';'0';'0';'0';'0';'0';'0';'0';'0';'0';'0';'0';'13';'0';'0';'0';'26';'0';'0';'0';'52';'0';'0';'0';'&'
'0';'947912853';'King of Cobra(USA)';'0';'0';'sticker_149i';'0';'0';'0';'13';'0';'0';'1';'0';'0';'0';'0';'0';'0';'0';'0';'0';'0';'0';'0';'0';'0';'0';'0';'0';'0';'0';'0';'0';'0';'0';'0';'0';'0';'0';'13';'0';'0';'0';'26';'0';'0';'0';'52';'0';'0';'0';'&'
'0';'947912854';'Surfer's Delight(USA)';'0';'0';'sticker_150i';'0';'0';'0';'13';'0';'0';'1';'0';'0';'0';'0';'0';'0';'0';'0';'0';'0';'0';'0';'0';'0';'0';'0';'0';'0';'0';'0';'0';'0';'0';'0';'0';'0';'0';'13';'0';'0';'0';'26';'0';'0';'0';'52';'0';'0';'0';'&'
'0';'947912855';'Philippine Flag(Ph)';'0';'0';'sticker_151i';'0';'0';'0';'750';'0';'0';'1';'0';'0';'0';'0';'0';'0';'0';'0';'0';'0';'0';'0';'0';'0';'0';'0';'0';'0';'0';'0';'0';'0';'0';'0';'0';'0';'0';'238';'2';'0';'0';'220';'5';'0';'0';'5000';'0';'0';'0';'&'
'0';'947912856';'Blue Eagle(PH)';'0';'0';'sticker_152i';'0';'0';'0';'750';'0';'0';'1';'0';'0';'0';'0';'0';'0';'0';'0';'0';'0';'0';'0';'0';'0';'0';'0';'0';'0';'0';'0';'0';'0';'0';'0';'0';'0';'0';'238';'2';'0';'0';'220';'5';'0';'0';'5000';'0';'0';'0';'&'
'0';'947912857';'Green Archer(PH)';'0';'0';'sticker_153i';'0';'0';'0';'750';'0';'0';'3';'0';'0';'0';'0';'0';'0';'0';'0';'0';'0';'0';'0';'0';'0';'0';'0';'0';'0';'0';'0';'0';'0';'0';'0';'0';'0';'0';'238';'2';'0';'0';'220';'5';'0';'0';'5000';'0';'0';'0';'&'
'0';'947912858';'Yellow Tiger(PH)';'0';'0';'sticker_154i';'0';'0';'0';'750';'0';'0';'3';'0';'0';'0';'0';'0';'0';'0';'0';'0';'0';'0';'0';'0';'0';'0';'0';'0';'0';'0';'0';'0';'0';'0';'0';'0';'0';'0';'238';'2';'0';'0';'220';'5';'0';'0';'5000';'0';'0';'0';'&'
'1';'947912859';'Jasmin Flower';'0';'0';'sticker_155i';'0';'0';'0';'10000000';'0';'0';'1';'0';'0';'0';'0';'0';'0';'0';'0';'0';'0';'0';'0';'0';'0';'0';'0';'0';'0';'0';'0';'0';'0';'0';'0';'0';'0';'0';'0';'0';'0';'0';'126';'19';'0';'0';'9000';'0';'14900';'0';'&'
'0';'947912860';'FFL Faith(PH)';'0';'0';'sticker_156i';'0';'0';'0';'10000000';'0';'0';'1';'0';'0';'0';'0';'0';'0';'0';'0';'0';'0';'0';'0';'0';'0';'0';'0';'0';'0';'0';'0';'0';'0';'0';'0';'0';'0';'0';'238';'2';'0';'0';'220';'5';'0';'0';'5000';'0';'0';'0';'&'
'0';'947912861';'FFL Hope(PH)';'0';'0';'sticker_157i';'0';'0';'0';'10000000';'0';'0';'1';'0';'0';'0';'0';'0';'0';'0';'0';'0';'0';'0';'0';'0';'0';'0';'0';'0';'0';'0';'0';'0';'0';'0';'0';'0';'0';'0';'238';'2';'0';'0';'220';'5';'0';'0';'5000';'0';'0';'0';'&'
'0';'947912862';'FFL Love(PH)';'0';'0';'sticker_158i';'0';'0';'0';'10000000';'0';'0';'1';'0';'0';'0';'0';'0';'0';'0';'0';'0';'0';'0';'0';'0';'0';'0';'0';'0';'0';'0';'0';'0';'0';'0';'0';'0';'0';'0';'238';'2';'0';'0';'220';'5';'0';'0';'5000';'0';'0';'0';'&'
'0';'947912863';'Singapore Theme(SG)';'0';'0';'sticker_159i';'0';'0';'0';'10000000';'0';'0';'3';'0';'0';'0';'0';'0';'0';'0';'0';'0';'0';'0';'0';'0';'0';'0';'0';'0';'0';'0';'0';'0';'0';'0';'0';'0';'0';'0';'238';'2';'0';'0';'220';'5';'0';'0';'5000';'0';'0';'0';'&'
'0';'947912864';'Malaysia Theme(SG)';'0';'0';'sticker_160i';'0';'0';'0';'10000000';'0';'0';'3';'0';'0';'0';'0';'0';'0';'0';'0';'0';'0';'0';'0';'0';'0';'0';'0';'0';'0';'0';'0';'0';'0';'0';'0';'0';'0';'0';'238';'2';'0';'0';'220';'5';'0';'0';'5000';'0';'0';'0';'&'
'0';'947912865';'Blue Moon Sticker(PH)';'0';'0';'sticker_161i';'0';'0';'0';'10000000';'0';'0';'3';'0';'0';'0';'0';'0';'0';'0';'0';'0';'0';'0';'0';'0';'0';'0';'0';'0';'0';'0';'0';'0';'0';'0';'0';'0';'0';'0';'238';'2';'0';'0';'220';'5';'0';'0';'5000';'0';'0';'0';'&'
'0';'947912866';'P2 Club Sticker(PH)';'0';'0';'sticker_162i';'0';'0';'0';'10000000';'0';'0';'3';'0';'0';'0';'0';'0';'0';'0';'0';'0';'0';'0';'0';'0';'0';'0';'0';'0';'0';'0';'0';'0';'0';'0';'0';'0';'0';'0';'238';'2';'0';'0';'220';'5';'0';'0';'5000';'0';'0';'0';'&'
'0';'947912867';'WCG Sticker(PH)';'0';'0';'sticker_163i';'0';'0';'0';'10000000';'0';'0';'3';'0';'0';'0';'0';'0';'0';'0';'0';'0';'0';'0';'0';'0';'0';'0';'0';'0';'0';'0';'0';'0';'0';'0';'0';'0';'0';'0';'238';'2';'0';'0';'220';'5';'0';'0';'5000';'0';'0';'0';'&'
'0';'947912868';'Bat Sticker(PH)';'0';'0';'sticker_164i';'0';'0';'0';'10000000';'0';'0';'3';'0';'0';'0';'0';'0';'0';'0';'0';'0';'0';'0';'0';'0';'0';'0';'0';'0';'0';'0';'0';'0';'0';'0';'0';'0';'0';'0';'238';'2';'0';'0';'220';'5';'0';'0';'5000';'0';'0';'0';'&'
'0';'947912869';'Pumpkin Sticker(PH)';'0';'0';'sticker_165i';'0';'0';'0';'10000000';'0';'0';'3';'0';'0';'0';'0';'0';'0';'0';'0';'0';'0';'0';'0';'0';'0';'0';'0';'0';'0';'0';'0';'0';'0';'0';'0';'0';'0';'0';'238';'2';'0';'0';'220';'5';'0';'0';'5000';'0';'0';'0';'&'
'0';'947912870';'Spider Sticker(PH)';'0';'0';'sticker_166i';'0';'0';'0';'10000000';'0';'0';'3';'0';'0';'0';'0';'0';'0';'0';'0';'0';'0';'0';'0';'0';'0';'0';'0';'0';'0';'0';'0';'0';'0';'0';'0';'0';'0';'0';'238';'2';'0';'0';'220';'5';'0';'0';'5000';'0';'0';'0';'&'
'0';'947912871';'PH Master(PH)';'0';'0';'sticker_167i';'0';'0';'0';'10000000';'0';'0';'3';'0';'0';'0';'0';'0';'0';'0';'0';'0';'0';'0';'0';'0';'0';'0';'0';'0';'0';'0';'0';'0';'0';'0';'0';'0';'0';'0';'238';'2';'0';'0';'220';'5';'0';'0';'5000';'0';'0';'0';'&'
'0';'947912872';'New Year Sticker(SG)';'0';'0';'sticker_168i';'0';'0';'0';'10000000';'0';'0';'3';'0';'0';'0';'0';'0';'0';'0';'0';'0';'0';'0';'0';'0';'0';'0';'0';'0';'0';'0';'0';'0';'0';'0';'0';'0';'0';'0';'238';'2';'0';'0';'220';'5';'0';'0';'5000';'0';'0';'0';'&'
'0';'947912873';'Guild Sticker(USA)??? ????';'0';'0';'sticker_169i';'0';'0';'0';'10000000';'0';'0';'3';'0';'0';'0';'0';'0';'0';'0';'0';'0';'0';'0';'0';'0';'0';'0';'0';'0';'0';'0';'0';'0';'0';'0';'0';'0';'0';'0';'0';'0';'0';'0';'0';'0';'0';'0';'0';'0';'0';'0';'&'
'0';'947912874';'Guild Sticker(USA)??? ????';'0';'0';'sticker_169i';'0';'0';'0';'10000000';'0';'0';'3';'0';'0';'0';'0';'0';'0';'0';'0';'0';'0';'0';'0';'0';'0';'0';'0';'0';'0';'0';'0';'0';'0';'0';'0';'0';'0';'0';'0';'0';'0';'0';'0';'0';'0';'0';'0';'0';'0';'0';'&'
'0';'947912875';'Guild Sticker(USA)??? ????';'0';'0';'sticker_169i';'0';'0';'0';'10000000';'0';'0';'3';'0';'0';'0';'0';'0';'0';'0';'0';'0';'0';'0';'0';'0';'0';'0';'0';'0';'0';'0';'0';'0';'0';'0';'0';'0';'0';'0';'0';'0';'0';'0';'0';'0';'0';'0';'0';'0';'0';'0';'&'
'0';'947912876';'Guild Sticker(USA)??? ????';'0';'0';'sticker_169i';'0';'0';'0';'10000000';'0';'0';'3';'0';'0';'0';'0';'0';'0';'0';'0';'0';'0';'0';'0';'0';'0';'0';'0';'0';'0';'0';'0';'0';'0';'0';'0';'0';'0';'0';'0';'0';'0';'0';'0';'0';'0';'0';'0';'0';'0';'0';'&'
'0';'947912877';'Guild Sticker(USA)??? ????';'0';'0';'sticker_169i';'0';'0';'0';'10000000';'0';'0';'3';'0';'0';'0';'0';'0';'0';'0';'0';'0';'0';'0';'0';'0';'0';'0';'0';'0';'0';'0';'0';'0';'0';'0';'0';'0';'0';'0';'0';'0';'0';'0';'0';'0';'0';'0';'0';'0';'0';'0';'&'
'0';'947912878';'Guild Sticker(USA)??? ????';'0';'0';'sticker_169i';'0';'0';'0';'10000000';'0';'0';'3';'0';'0';'0';'0';'0';'0';'0';'0';'0';'0';'0';'0';'0';'0';'0';'0';'0';'0';'0';'0';'0';'0';'0';'0';'0';'0';'0';'0';'0';'0';'0';'0';'0';'0';'0';'0';'0';'0';'0';'&'
'0';'947912879';'Guild Sticker(USA)??? ????';'0';'0';'sticker_169i';'0';'0';'0';'10000000';'0';'0';'3';'0';'0';'0';'0';'0';'0';'0';'0';'0';'0';'0';'0';'0';'0';'0';'0';'0';'0';'0';'0';'0';'0';'0';'0';'0';'0';'0';'0';'0';'0';'0';'0';'0';'0';'0';'0';'0';'0';'0';'&'
'0';'947912880';'Guild Sticker(USA)??? ????';'0';'0';'sticker_169i';'0';'0';'0';'10000000';'0';'0';'3';'0';'0';'0';'0';'0';'0';'0';'0';'0';'0';'0';'0';'0';'0';'0';'0';'0';'0';'0';'0';'0';'0';'0';'0';'0';'0';'0';'0';'0';'0';'0';'0';'0';'0';'0';'0';'0';'0';'0';'&'
'0';'947912881';'Guild Sticker(USA)??? ????';'0';'0';'sticker_168i';'0';'0';'0';'10000000';'0';'0';'3';'0';'0';'0';'0';'0';'0';'0';'0';'0';'0';'0';'0';'0';'0';'0';'0';'0';'0';'0';'0';'0';'0';'0';'0';'0';'0';'0';'0';'0';'0';'0';'0';'0';'0';'0';'0';'0';'0';'0';'&'
'0';'947912882';'Guild Sticker(USA)??? ????';'0';'0';'sticker_169i';'0';'0';'0';'10000000';'0';'0';'3';'0';'0';'0';'0';'0';'0';'0';'0';'0';'0';'0';'0';'0';'0';'0';'0';'0';'0';'0';'0';'0';'0';'0';'0';'0';'0';'0';'0';'0';'0';'0';'0';'0';'0';'0';'0';'0';'0';'0';'&'
'0';'947912883';'Guild Sticker(USA)??? ????';'0';'0';'sticker_169i';'0';'0';'0';'10000000';'0';'0';'3';'0';'0';'0';'0';'0';'0';'0';'0';'0';'0';'0';'0';'0';'0';'0';'0';'0';'0';'0';'0';'0';'0';'0';'0';'0';'0';'0';'0';'0';'0';'0';'0';'0';'0';'0';'0';'0';'0';'0';'&'
'0';'947912884';'Guild Sticker(USA)??? ????';'0';'0';'sticker_169i';'0';'0';'0';'10000000';'0';'0';'3';'0';'0';'0';'0';'0';'0';'0';'0';'0';'0';'0';'0';'0';'0';'0';'0';'0';'0';'0';'0';'0';'0';'0';'0';'0';'0';'0';'0';'0';'0';'0';'0';'0';'0';'0';'0';'0';'0';'0';'&'
'0';'947912885';'Guild Sticker(USA)??? ????';'0';'0';'sticker_169i';'0';'0';'0';'10000000';'0';'0';'3';'0';'0';'0';'0';'0';'0';'0';'0';'0';'0';'0';'0';'0';'0';'0';'0';'0';'0';'0';'0';'0';'0';'0';'0';'0';'0';'0';'0';'0';'0';'0';'0';'0';'0';'0';'0';'0';'0';'0';'&'
'0';'947912886';'Guild Sticker(USA)??? ????';'0';'0';'sticker_169i';'0';'0';'0';'10000000';'0';'0';'3';'0';'0';'0';'0';'0';'0';'0';'0';'0';'0';'0';'0';'0';'0';'0';'0';'0';'0';'0';'0';'0';'0';'0';'0';'0';'0';'0';'0';'0';'0';'0';'0';'0';'0';'0';'0';'0';'0';'0';'&'
'0';'947912887';'Guild Sticker(USA)??? ????';'0';'0';'sticker_169i';'0';'0';'0';'10000000';'0';'0';'3';'0';'0';'0';'0';'0';'0';'0';'0';'0';'0';'0';'0';'0';'0';'0';'0';'0';'0';'0';'0';'0';'0';'0';'0';'0';'0';'0';'0';'0';'0';'0';'0';'0';'0';'0';'0';'0';'0';'0';'&'
'0';'947912888';'Guild Sticker(USA)??? ????';'0';'0';'sticker_169i';'0';'0';'0';'10000000';'0';'0';'3';'0';'0';'0';'0';'0';'0';'0';'0';'0';'0';'0';'0';'0';'0';'0';'0';'0';'0';'0';'0';'0';'0';'0';'0';'0';'0';'0';'0';'0';'0';'0';'0';'0';'0';'0';'0';'0';'0';'0';'&'
'0';'947912889';'Guild Sticker(USA)??? ????';'0';'0';'sticker_169i';'0';'0';'0';'10000000';'0';'0';'3';'0';'0';'0';'0';'0';'0';'0';'0';'0';'0';'0';'0';'0';'0';'0';'0';'0';'0';'0';'0';'0';'0';'0';'0';'0';'0';'0';'0';'0';'0';'0';'0';'0';'0';'0';'0';'0';'0';'0';'&'
'0';'947912890';'Guild Sticker(USA)??? ????';'0';'0';'sticker_169i';'0';'0';'0';'10000000';'0';'0';'3';'0';'0';'0';'0';'0';'0';'0';'0';'0';'0';'0';'0';'0';'0';'0';'0';'0';'0';'0';'0';'0';'0';'0';'0';'0';'0';'0';'0';'0';'0';'0';'0';'0';'0';'0';'0';'0';'0';'0';'&'
'0';'947912891';'Guild Sticker(USA)??? ????';'0';'0';'sticker_169i';'0';'0';'0';'10000000';'0';'0';'3';'0';'0';'0';'0';'0';'0';'0';'0';'0';'0';'0';'0';'0';'0';'0';'0';'0';'0';'0';'0';'0';'0';'0';'0';'0';'0';'0';'0';'0';'0';'0';'0';'0';'0';'0';'0';'0';'0';'0';'&'
'0';'947912892';'Guild Sticker(USA)??? ????';'0';'0';'sticker_169i';'0';'0';'0';'10000000';'0';'0';'3';'0';'0';'0';'0';'0';'0';'0';'0';'0';'0';'0';'0';'0';'0';'0';'0';'0';'0';'0';'0';'0';'0';'0';'0';'0';'0';'0';'0';'0';'0';'0';'0';'0';'0';'0';'0';'0';'0';'0';'&'
'0';'947912893';'Guild Sticker(USA)??? ????';'0';'0';'sticker_169i';'0';'0';'0';'10000000';'0';'0';'3';'0';'0';'0';'0';'0';'0';'0';'0';'0';'0';'0';'0';'0';'0';'0';'0';'0';'0';'0';'0';'0';'0';'0';'0';'0';'0';'0';'0';'0';'0';'0';'0';'0';'0';'0';'0';'0';'0';'0';'&'
'0';'947912894';'Guild Sticker(USA)??? ????';'0';'0';'sticker_169i';'0';'0';'0';'10000000';'0';'0';'3';'0';'0';'0';'0';'0';'0';'0';'0';'0';'0';'0';'0';'0';'0';'0';'0';'0';'0';'0';'0';'0';'0';'0';'0';'0';'0';'0';'0';'0';'0';'0';'0';'0';'0';'0';'0';'0';'0';'0';'&'
'0';'947912895';'Guild Sticker(USA)??? ????';'0';'0';'sticker_169i';'0';'0';'0';'10000000';'0';'0';'3';'0';'0';'0';'0';'0';'0';'0';'0';'0';'0';'0';'0';'0';'0';'0';'0';'0';'0';'0';'0';'0';'0';'0';'0';'0';'0';'0';'0';'0';'0';'0';'0';'0';'0';'0';'0';'0';'0';'0';'&'
'0';'947912896';'Guild Sticker(USA)??? ????';'0';'0';'sticker_169i';'0';'0';'0';'10000000';'0';'0';'3';'0';'0';'0';'0';'0';'0';'0';'0';'0';'0';'0';'0';'0';'0';'0';'0';'0';'0';'0';'0';'0';'0';'0';'0';'0';'0';'0';'0';'0';'0';'0';'0';'0';'0';'0';'0';'0';'0';'0';'&'
'0';'947912897';'Guild Sticker(USA)??? ????';'0';'0';'sticker_169i';'0';'0';'0';'10000000';'0';'0';'3';'0';'0';'0';'0';'0';'0';'0';'0';'0';'0';'0';'0';'0';'0';'0';'0';'0';'0';'0';'0';'0';'0';'0';'0';'0';'0';'0';'0';'0';'0';'0';'0';'0';'0';'0';'0';'0';'0';'0';'&'
'0';'947912898';'Guild Sticker(USA)??? ????';'0';'0';'sticker_169i';'0';'0';'0';'10000000';'0';'0';'3';'0';'0';'0';'0';'0';'0';'0';'0';'0';'0';'0';'0';'0';'0';'0';'0';'0';'0';'0';'0';'0';'0';'0';'0';'0';'0';'0';'0';'0';'0';'0';'0';'0';'0';'0';'0';'0';'0';'0';'&'
'0';'947912899';'Guild Sticker(USA)??? ????';'0';'0';'sticker_169i';'0';'0';'0';'10000000';'0';'0';'3';'0';'0';'0';'0';'0';'0';'0';'0';'0';'0';'0';'0';'0';'0';'0';'0';'0';'0';'0';'0';'0';'0';'0';'0';'0';'0';'0';'0';'0';'0';'0';'0';'0';'0';'0';'0';'0';'0';'0';'&'
'0';'947912900';'Guild Sticker(USA)??? ????';'0';'0';'sticker_169i';'0';'0';'0';'10000000';'0';'0';'3';'0';'0';'0';'0';'0';'0';'0';'0';'0';'0';'0';'0';'0';'0';'0';'0';'0';'0';'0';'0';'0';'0';'0';'0';'0';'0';'0';'0';'0';'0';'0';'0';'0';'0';'0';'0';'0';'0';'0';'&'
'0';'947912901';'TUFF_GL';'0';'0';'sticker_169i';'0';'0';'0';'10000000';'0';'0';'1';'0';'0';'0';'0';'0';'0';'0';'0';'0';'0';'0';'0';'0';'0';'0';'0';'0';'0';'0';'0';'0';'0';'0';'0';'0';'0';'0';'0';'0';'0';'0';'0';'0';'0';'0';'0';'0';'0';'0';'&'
'0';'947912902';'DemonsOfPangya_GL';'0';'0';'sticker_169i';'0';'0';'0';'10000000';'0';'0';'1';'0';'0';'0';'0';'0';'0';'0';'0';'0';'0';'0';'0';'0';'0';'0';'0';'0';'0';'0';'0';'0';'0';'0';'0';'0';'0';'0';'0';'0';'0';'0';'0';'0';'0';'0';'0';'0';'0';'0';'&'
'0';'947912903';'PangyaClub_GL';'0';'0';'sticker_169i';'0';'0';'0';'10000000';'0';'0';'1';'0';'0';'0';'0';'0';'0';'0';'0';'0';'0';'0';'0';'0';'0';'0';'0';'0';'0';'0';'0';'0';'0';'0';'0';'0';'0';'0';'0';'0';'0';'0';'0';'0';'0';'0';'0';'0';'0';'0';'&'
'0';'947912904';'WAFCCLAN_GL';'0';'0';'sticker_169i';'0';'0';'0';'10000000';'0';'0';'1';'0';'0';'0';'0';'0';'0';'0';'0';'0';'0';'0';'0';'0';'0';'0';'0';'0';'0';'0';'0';'0';'0';'0';'0';'0';'0';'0';'0';'0';'0';'0';'0';'0';'0';'0';'0';'0';'0';'0';'&'
'0';'947912905';'FIE_GL';'0';'0';'sticker_169i';'0';'0';'0';'10000000';'0';'0';'1';'0';'0';'0';'0';'0';'0';'0';'0';'0';'0';'0';'0';'0';'0';'0';'0';'0';'0';'0';'0';'0';'0';'0';'0';'0';'0';'0';'0';'0';'0';'0';'0';'0';'0';'0';'0';'0';'0';'0';'&'
'0';'947912906';'InsaneGolfers_GL';'0';'0';'sticker_169i';'0';'0';'0';'10000000';'0';'0';'1';'0';'0';'0';'0';'0';'0';'0';'0';'0';'0';'0';'0';'0';'0';'0';'0';'0';'0';'0';'0';'0';'0';'0';'0';'0';'0';'0';'0';'0';'0';'0';'0';'0';'0';'0';'0';'0';'0';'0';'&'
'0';'947912907';'AmericanEagles_GL';'0';'0';'sticker_169i';'0';'0';'0';'10000000';'0';'0';'1';'0';'0';'0';'0';'0';'0';'0';'0';'0';'0';'0';'0';'0';'0';'0';'0';'0';'0';'0';'0';'0';'0';'0';'0';'0';'0';'0';'0';'0';'0';'0';'0';'0';'0';'0';'0';'0';'0';'0';'&'
'0';'947912908';'Norway_GL';'0';'0';'sticker_169i';'0';'0';'0';'10000000';'0';'0';'1';'0';'0';'0';'0';'0';'0';'0';'0';'0';'0';'0';'0';'0';'0';'0';'0';'0';'0';'0';'0';'0';'0';'0';'0';'0';'0';'0';'0';'0';'0';'0';'0';'0';'0';'0';'0';'0';'0';'0';'&'
'0';'947912909';'GALS_GL';'0';'0';'sticker_169i';'0';'0';'0';'10000000';'0';'0';'1';'0';'0';'0';'0';'0';'0';'0';'0';'0';'0';'0';'0';'0';'0';'0';'0';'0';'0';'0';'0';'0';'0';'0';'0';'0';'0';'0';'0';'0';'0';'0';'0';'0';'0';'0';'0';'0';'0';'0';'&'
'0';'947912910';'OriginalGamers_GL';'0';'0';'sticker_169i';'0';'0';'0';'10000000';'0';'0';'1';'0';'0';'0';'0';'0';'0';'0';'0';'0';'0';'0';'0';'0';'0';'0';'0';'0';'0';'0';'0';'0';'0';'0';'0';'0';'0';'0';'0';'0';'0';'0';'0';'0';'0';'0';'0';'0';'0';'0';'&'
'0';'947912911';'Ebichu_GL';'0';'0';'sticker_169i';'0';'0';'0';'10000000';'0';'0';'1';'0';'0';'0';'0';'0';'0';'0';'0';'0';'0';'0';'0';'0';'0';'0';'0';'0';'0';'0';'0';'0';'0';'0';'0';'0';'0';'0';'0';'0';'0';'0';'0';'0';'0';'0';'0';'0';'0';'0';'&'
'0';'947912912';'IronEagles2_GL';'0';'0';'sticker_169i';'0';'0';'0';'10000000';'0';'0';'1';'0';'0';'0';'0';'0';'0';'0';'0';'0';'0';'0';'0';'0';'0';'0';'0';'0';'0';'0';'0';'0';'0';'0';'0';'0';'0';'0';'0';'0';'0';'0';'0';'0';'0';'0';'0';'0';'0';'0';'&'
'0';'947912913';'Diabolique_GL';'0';'0';'sticker_169i';'0';'0';'0';'10000000';'0';'0';'1';'0';'0';'0';'0';'0';'0';'0';'0';'0';'0';'0';'0';'0';'0';'0';'0';'0';'0';'0';'0';'0';'0';'0';'0';'0';'0';'0';'0';'0';'0';'0';'0';'0';'0';'0';'0';'0';'0';'0';'&'
'0';'947912914';'Nippon_GL';'0';'0';'sticker_169i';'0';'0';'0';'10000000';'0';'0';'1';'0';'0';'0';'0';'0';'0';'0';'0';'0';'0';'0';'0';'0';'0';'0';'0';'0';'0';'0';'0';'0';'0';'0';'0';'0';'0';'0';'0';'0';'0';'0';'0';'0';'0';'0';'0';'0';'0';'0';'&'
'1';'952107008';'Blue Sky Slot';'0';'0';'slot_001i';'0';'0';'0';'1200';'0';'0';'1';'33';'0';'0';'0';'0';'0';'0';'0';'0';'0';'0';'0';'0';'0';'0';'0';'0';'0';'0';'0';'0';'0';'0';'0';'0';'0';'0';'0';'0';'0';'0';'176';'4';'0';'0';'1900';'0';'10900';'0';'&'
'1';'952107009';'Biscuit Slot';'0';'0';'slot_002i';'0';'0';'0';'1200';'0';'0';'1';'1';'0';'0';'0';'0';'0';'0';'0';'0';'0';'0';'0';'0';'0';'0';'0';'0';'0';'0';'0';'0';'0';'0';'0';'0';'0';'0';'0';'0';'0';'0';'176';'4';'0';'0';'1900';'0';'10900';'0';'&'
'1';'952107010';'Spade Slot';'0';'0';'slot_003i';'0';'0';'0';'1200';'0';'0';'1';'1';'0';'0';'0';'0';'0';'0';'0';'0';'0';'0';'0';'0';'0';'0';'0';'0';'0';'0';'0';'0';'0';'0';'0';'0';'0';'0';'0';'0';'0';'0';'176';'4';'0';'0';'1900';'0';'10900';'0';'&'
'1';'952107011';'Club Slot';'0';'0';'slot_004i';'0';'0';'0';'1200';'0';'0';'1';'1';'0';'0';'0';'0';'0';'0';'0';'0';'0';'0';'0';'0';'0';'0';'0';'0';'0';'0';'0';'0';'0';'0';'0';'0';'0';'0';'0';'0';'0';'0';'176';'4';'0';'0';'1900';'0';'10900';'0';'&'
'1';'952107012';'Heart Slot';'0';'0';'slot_005i';'0';'0';'0';'1200';'0';'0';'1';'1';'0';'0';'0';'0';'0';'0';'0';'0';'0';'0';'0';'0';'0';'0';'0';'0';'0';'0';'0';'0';'0';'0';'0';'0';'0';'0';'0';'0';'0';'0';'176';'4';'0';'0';'1900';'0';'10900';'0';'&'
'1';'952107013';'Pink Bag Slot';'0';'0';'slot_006i';'0';'0';'0';'1200';'0';'0';'1';'1';'0';'0';'0';'0';'0';'0';'0';'0';'0';'0';'0';'0';'0';'0';'0';'0';'0';'0';'0';'0';'0';'0';'0';'0';'0';'0';'0';'0';'0';'0';'176';'4';'0';'0';'1900';'0';'10900';'0';'&'
'1';'952107014';'Blue Bag Slot';'0';'0';'slot_007i';'0';'0';'0';'1200';'0';'0';'1';'33';'0';'0';'0';'0';'0';'0';'0';'0';'0';'0';'0';'0';'0';'0';'0';'0';'0';'0';'0';'0';'0';'0';'0';'0';'0';'0';'0';'0';'0';'0';'176';'4';'0';'0';'1900';'0';'10900';'0';'&'
'1';'952107015';'Green Bag Slot';'0';'0';'slot_008i';'0';'0';'0';'5000';'0';'0';'0';'3';'0';'0';'0';'0';'0';'0';'0';'0';'0';'0';'0';'0';'0';'0';'0';'0';'0';'0';'0';'0';'0';'0';'0';'0';'0';'0';'0';'0';'0';'0';'136';'19';'0';'0';'9000';'0';'29900';'0';'&'
'0';'952107016';'Valentineday Slot1';'0';'0';'slot_009i';'0';'0';'0';'10000000';'0';'0';'0';'0';'0';'0';'0';'0';'0';'0';'0';'0';'0';'0';'0';'0';'0';'0';'0';'0';'0';'0';'0';'0';'0';'0';'0';'0';'0';'0';'0';'0';'0';'0';'0';'0';'0';'0';'10';'0';'18';'0';'&'
'0';'952107017';'Valentineday Slot2';'0';'0';'slot_010i';'0';'0';'0';'10000000';'0';'0';'0';'0';'0';'0';'0';'0';'0';'0';'0';'0';'0';'0';'0';'0';'0';'0';'0';'0';'0';'0';'0';'0';'0';'0';'0';'0';'0';'0';'0';'0';'0';'0';'0';'0';'0';'0';'10';'0';'18';'0';'&'
'1';'952107018';'Sleeping Boo Slot';'0';'0';'slot_129i_jp';'0';'0';'0';'2900';'0';'0';'1';'33';'0';'0';'0';'0';'0';'0';'0';'0';'0';'0';'0';'0';'0';'0';'0';'0';'0';'0';'0';'0';'0';'0';'0';'0';'0';'0';'0';'0';'0';'0';'84';'11';'0';'0';'4900';'0';'12900';'0';'&'
'1';'952107019';'Dolphini2000 Slot';'0';'0';'slot_131i_jp';'0';'0';'0';'8000';'0';'0';'0';'3';'0';'0';'0';'0';'0';'0';'0';'0';'0';'0';'0';'0';'0';'0';'0';'0';'0';'0';'0';'0';'0';'0';'0';'0';'0';'0';'0';'0';'0';'0';'0';'0';'0';'0';'8000';'0';'39000';'0';'&'
'1';'952107136';'Blue Pang Bag Slot';'0';'0';'slot_128i_th';'0';'0';'0';'1000';'0';'0';'0';'3';'0';'0';'0';'0';'0';'0';'0';'0';'0';'0';'0';'0';'0';'0';'0';'0';'0';'0';'0';'0';'0';'0';'0';'0';'0';'0';'0';'0';'0';'0';'232';'3';'0';'0';'1900';'0';'9000';'0';'&'
'1';'952107137';'Snapy2000 Slot';'0';'0';'slot_129i_th';'0';'0';'0';'1200';'0';'0';'1';'1';'0';'0';'0';'0';'0';'0';'0';'0';'0';'0';'0';'0';'0';'0';'0';'0';'0';'0';'0';'0';'0';'0';'0';'0';'0';'0';'0';'0';'0';'0';'176';'4';'0';'0';'1900';'0';'10900';'0';'&'
'0';'952107138';'Friendly Warning(USA)';'0';'0';'slot_130i';'0';'0';'0';'13';'0';'0';'0';'0';'0';'0';'0';'0';'0';'0';'0';'0';'0';'0';'0';'0';'0';'0';'0';'0';'0';'0';'0';'0';'0';'0';'0';'0';'0';'0';'13';'0';'0';'0';'26';'0';'0';'0';'52';'0';'0';'0';'&'
'0';'952107139';'Rhymes With Orange(USA)';'0';'0';'slot_131i';'0';'0';'0';'13';'0';'0';'0';'0';'0';'0';'0';'0';'0';'0';'0';'0';'0';'0';'0';'0';'0';'0';'0';'0';'0';'0';'0';'0';'0';'0';'0';'0';'0';'0';'13';'0';'0';'0';'26';'0';'0';'0';'52';'0';'0';'0';'&'
'0';'952107140';'Blue Eagle(PH)';'0';'0';'slot_132i';'0';'0';'0';'750';'0';'0';'0';'0';'0';'0';'0';'0';'0';'0';'0';'0';'0';'0';'0';'0';'0';'0';'0';'0';'0';'0';'0';'0';'0';'0';'0';'0';'0';'0';'238';'2';'0';'0';'220';'5';'0';'0';'5000';'0';'0';'0';'&'
'0';'952107141';'Green Archer(PH)';'0';'0';'slot_133i';'0';'0';'0';'750';'0';'0';'2';'0';'0';'0';'0';'0';'0';'0';'0';'0';'0';'0';'0';'0';'0';'0';'0';'0';'0';'0';'0';'0';'0';'0';'0';'0';'0';'0';'238';'2';'0';'0';'220';'5';'0';'0';'5000';'0';'0';'0';'&'
'0';'952107142';'Yellow Tiger(PH)';'0';'0';'slot_134i';'0';'0';'0';'750';'0';'0';'2';'0';'0';'0';'0';'0';'0';'0';'0';'0';'0';'0';'0';'0';'0';'0';'0';'0';'0';'0';'0';'0';'0';'0';'0';'0';'0';'0';'238';'2';'0';'0';'220';'5';'0';'0';'5000';'0';'0';'0';'&'
'0';'952107143';'New Year Slot(SG)';'0';'0';'slot_135i';'0';'0';'0';'750';'0';'0';'2';'0';'0';'0';'0';'0';'0';'0';'0';'0';'0';'0';'0';'0';'0';'0';'0';'0';'0';'0';'0';'0';'0';'0';'0';'0';'0';'0';'238';'2';'0';'0';'220';'5';'0';'0';'5000';'0';'0';'0';'&'
'1';'960495616';'Power Shot I (Nuri)';'0';'0';'icon_cutin_001m';'0';'0';'0';'30000';'0';'0';'0';'19';'0';'0';'0';'0';'0';'0';'0';'0';'0';'0';'0';'0';'0';'0';'0';'0';'0';'0';'0';'0';'0';'0';'0';'0';'0';'0';'0';'0';'0';'0';'0';'0';'0';'0';'0';'0';'0';'0';'&'
'1';'960495617';'Power Shot I (Hana)';'0';'0';'icon_cutin_001f';'0';'0';'0';'30000';'0';'0';'0';'19';'0';'0';'0';'0';'0';'0';'0';'0';'0';'0';'0';'0';'0';'0';'0';'0';'0';'0';'0';'0';'0';'0';'0';'0';'0';'0';'0';'0';'0';'0';'0';'0';'0';'0';'0';'0';'0';'0';'&'
'1';'960495618';'Power Shot I (Cesillia)';'0';'0';'icon_cutin_001c';'0';'0';'0';'30000';'0';'0';'0';'19';'0';'0';'0';'0';'0';'0';'0';'0';'0';'0';'0';'0';'0';'0';'0';'0';'0';'0';'0';'0';'0';'0';'0';'0';'0';'0';'0';'0';'0';'0';'0';'0';'0';'0';'0';'0';'0';'0';'&'
'1';'960495619';'Power Shot I (Kooh)';'0';'0';'icon_cutin_001k';'0';'0';'0';'30000';'0';'0';'0';'19';'0';'0';'0';'0';'0';'0';'0';'0';'0';'0';'0';'0';'0';'0';'0';'0';'0';'0';'0';'0';'0';'0';'0';'0';'0';'0';'0';'0';'0';'0';'0';'0';'0';'0';'0';'0';'0';'0';'&'
'1';'960495620';'Power Shot I (Arin)';'0';'0';'icon_cutin_001g';'0';'0';'0';'30000';'0';'0';'0';'19';'0';'0';'0';'0';'0';'0';'0';'0';'0';'0';'0';'0';'0';'0';'0';'0';'0';'0';'0';'0';'0';'0';'0';'0';'0';'0';'0';'0';'0';'0';'0';'0';'0';'0';'0';'0';'0';'0';'&'
'1';'960495621';'Power Shot I (Kaz)';'0';'0';'icon_cutin_001h';'0';'0';'0';'30000';'0';'0';'0';'19';'0';'0';'0';'0';'0';'0';'0';'0';'0';'0';'0';'0';'0';'0';'0';'0';'0';'0';'0';'0';'0';'0';'0';'0';'0';'0';'0';'0';'0';'0';'0';'0';'0';'0';'0';'0';'0';'0';'&'
'1';'960495622';'Power Shot I (Lucia)';'0';'0';'icon_cutin_001i';'0';'0';'0';'30000';'0';'0';'0';'19';'0';'0';'0';'0';'0';'0';'0';'0';'0';'0';'0';'0';'0';'0';'0';'0';'0';'0';'0';'0';'0';'0';'0';'0';'0';'0';'0';'0';'0';'0';'0';'0';'0';'0';'0';'0';'0';'0';'&'
'1';'960495623';'Power Shot I (Max)';'0';'0';'icon_cutin_001d';'0';'0';'0';'30000';'0';'0';'0';'19';'0';'0';'0';'0';'0';'0';'0';'0';'0';'0';'0';'0';'0';'0';'0';'0';'0';'0';'0';'0';'0';'0';'0';'0';'0';'0';'0';'0';'0';'0';'0';'0';'0';'0';'0';'0';'0';'0';'&'
'1';'960495624';'Power Shot I (Arthur)';'0';'0';'icon_cutin_001a';'0';'0';'0';'30000';'0';'0';'0';'19';'0';'0';'0';'0';'0';'0';'0';'0';'0';'0';'0';'0';'0';'0';'0';'0';'0';'0';'0';'0';'0';'0';'0';'0';'0';'0';'0';'0';'0';'0';'0';'0';'0';'0';'0';'0';'0';'0';'&'
'1';'964689921';'OnGameNet';'0';'0';'title_001';'0';'0';'0';'10000000';'0';'0';'0';'0';'0';'0';'0';'0';'0';'0';'0';'0';'0';'0';'0';'0';'0';'0';'0';'0';'0';'0';'0';'0';'0';'0';'0';'0';'0';'0';'0';'0';'0';'0';'0';'0';'0';'0';'0';'0';'0';'0';'&'
'1';'964689922';'OnGameNet';'0';'0';'title_002';'0';'0';'0';'10000000';'0';'0';'0';'0';'0';'0';'0';'0';'0';'0';'0';'0';'0';'0';'0';'0';'0';'0';'0';'0';'0';'0';'0';'0';'0';'0';'0';'0';'0';'0';'0';'0';'0';'0';'0';'0';'0';'0';'0';'0';'0';'0';'&'
'1';'964689923';'WCG 2003';'0';'0';'title_003';'0';'0';'0';'10000000';'0';'0';'0';'0';'0';'0';'0';'0';'0';'0';'0';'0';'0';'0';'0';'0';'0';'0';'0';'0';'0';'0';'0';'0';'0';'0';'0';'0';'0';'0';'0';'0';'0';'0';'0';'0';'0';'0';'0';'0';'0';'0';'&'
'1';'964689924';'WCG 2004';'0';'0';'title_004';'0';'0';'0';'10000000';'0';'0';'0';'0';'0';'0';'0';'0';'0';'0';'0';'0';'0';'0';'0';'0';'0';'0';'0';'0';'0';'0';'0';'0';'0';'0';'0';'0';'0';'0';'0';'0';'0';'0';'0';'0';'0';'0';'0';'0';'0';'0';'&'
'1';'964689925';'NetCaf?';'0';'0';'title_005';'0';'0';'0';'10000000';'0';'0';'0';'0';'0';'0';'0';'0';'0';'0';'0';'0';'0';'0';'0';'0';'0';'0';'0';'0';'0';'0';'0';'0';'0';'0';'0';'0';'0';'0';'0';'0';'0';'0';'0';'0';'0';'0';'0';'0';'0';'0';'&'
'1';'964689926';'Captain';'0';'0';'title_006';'0';'0';'0';'10000000';'0';'0';'0';'0';'0';'0';'0';'0';'0';'0';'0';'0';'0';'0';'0';'0';'0';'0';'0';'0';'0';'0';'0';'0';'0';'0';'0';'0';'0';'0';'0';'0';'0';'0';'0';'0';'0';'0';'0';'0';'0';'0';'&'
'1';'964689927';'Officer';'0';'0';'title_007';'0';'0';'0';'10000000';'0';'0';'0';'0';'0';'0';'0';'0';'0';'0';'0';'0';'0';'0';'0';'0';'0';'0';'0';'0';'0';'0';'0';'0';'0';'0';'0';'0';'0';'0';'0';'0';'0';'0';'0';'0';'0';'0';'0';'0';'0';'0';'&'
'1';'964689928';'MC';'0';'0';'title_008';'0';'0';'0';'10000000';'0';'0';'0';'0';'0';'0';'0';'0';'0';'0';'0';'0';'0';'0';'0';'0';'0';'0';'0';'0';'0';'0';'0';'0';'0';'0';'0';'0';'0';'0';'0';'0';'0';'0';'0';'0';'0';'0';'0';'0';'0';'0';'&'
'1';'964689929';'GM';'0';'0';'title_009';'0';'0';'0';'10000000';'0';'0';'0';'0';'0';'0';'0';'0';'0';'0';'0';'0';'0';'0';'0';'0';'0';'0';'0';'0';'0';'0';'0';'0';'0';'0';'0';'0';'0';'0';'0';'0';'0';'0';'0';'0';'0';'0';'0';'0';'0';'0';'&'
'1';'964689930';'PJC_SILVER(JPN)';'0';'0';'title_010';'0';'0';'0';'10000000';'0';'0';'0';'0';'0';'0';'0';'0';'0';'0';'0';'0';'0';'0';'0';'0';'0';'0';'0';'0';'0';'0';'0';'0';'0';'0';'0';'0';'0';'0';'0';'0';'0';'0';'0';'0';'0';'0';'0';'0';'0';'0';'&'
'1';'964689931';'PJC_BRONZE(JPN)';'0';'0';'title_011';'0';'0';'0';'10000000';'0';'0';'0';'0';'0';'0';'0';'0';'0';'0';'0';'0';'0';'0';'0';'0';'0';'0';'0';'0';'0';'0';'0';'0';'0';'0';'0';'0';'0';'0';'0';'0';'0';'0';'0';'0';'0';'0';'0';'0';'0';'0';'&'
'1';'964689932';'PJC_NORMAL(JPN)';'0';'0';'title_012';'0';'0';'0';'10000000';'0';'0';'0';'0';'0';'0';'0';'0';'0';'0';'0';'0';'0';'0';'0';'0';'0';'0';'0';'0';'0';'0';'0';'0';'0';'0';'0';'0';'0';'0';'0';'0';'0';'0';'0';'0';'0';'0';'0';'0';'0';'0';'&'
'1';'964689933';'Seed_PJC(JPN)';'0';'0';'title_013';'0';'0';'0';'10000000';'0';'0';'0';'0';'0';'0';'0';'0';'0';'0';'0';'0';'0';'0';'0';'0';'0';'0';'0';'0';'0';'0';'0';'0';'0';'0';'0';'0';'0';'0';'0';'0';'0';'0';'0';'0';'0';'0';'0';'0';'0';'0';'&'
'1';'964689934';'WishPass';'0';'0';'title_014';'0';'0';'0';'10000000';'0';'0';'0';'0';'0';'0';'0';'0';'0';'0';'0';'0';'0';'0';'0';'0';'0';'0';'0';'0';'0';'0';'0';'0';'0';'0';'0';'0';'0';'0';'0';'0';'0';'0';'0';'0';'0';'0';'0';'0';'0';'0';'&'
'1';'964689935';'Rookie';'0';'0';'title_015';'0';'0';'0';'10000000';'0';'0';'0';'0';'0';'0';'0';'0';'0';'0';'0';'0';'0';'0';'0';'0';'0';'0';'0';'0';'0';'0';'0';'0';'0';'0';'0';'0';'0';'0';'0';'0';'0';'0';'0';'0';'0';'0';'0';'0';'0';'0';'&'
'1';'964689936';'Frontier Gold';'0';'0';'title_016';'0';'0';'0';'10000000';'0';'0';'0';'0';'0';'0';'0';'0';'0';'0';'0';'0';'0';'0';'0';'0';'0';'0';'0';'0';'0';'0';'0';'0';'0';'0';'0';'0';'0';'0';'0';'0';'0';'0';'0';'0';'0';'0';'0';'0';'0';'0';'&'
'1';'964689937';'Frontier Silver';'0';'0';'title_017';'0';'0';'0';'10000000';'0';'0';'0';'0';'0';'0';'0';'0';'0';'0';'0';'0';'0';'0';'0';'0';'0';'0';'0';'0';'0';'0';'0';'0';'0';'0';'0';'0';'0';'0';'0';'0';'0';'0';'0';'0';'0';'0';'0';'0';'0';'0';'&'
'1';'964689938';'Frontier';'0';'0';'title_018';'0';'0';'0';'10000000';'0';'0';'0';'0';'0';'0';'0';'0';'0';'0';'0';'0';'0';'0';'0';'0';'0';'0';'0';'0';'0';'0';'0';'0';'0';'0';'0';'0';'0';'0';'0';'0';'0';'0';'0';'0';'0';'0';'0';'0';'0';'0';'&'
'1';'964689939';'Frontier Platinum';'0';'0';'title_019';'0';'0';'0';'10000000';'0';'0';'0';'0';'0';'0';'0';'0';'0';'0';'0';'0';'0';'0';'0';'0';'0';'0';'0';'0';'0';'0';'0';'0';'0';'0';'0';'0';'0';'0';'0';'0';'0';'0';'0';'0';'0';'0';'0';'0';'0';'0';'&'
'1';'964689940';'????';'0';'0';'title_020';'0';'0';'0';'10000000';'0';'0';'0';'0';'0';'0';'0';'0';'0';'0';'0';'0';'0';'0';'0';'0';'0';'0';'0';'0';'0';'0';'0';'0';'0';'0';'0';'0';'0';'0';'0';'0';'0';'0';'0';'0';'0';'0';'0';'0';'0';'0';'&'
'1';'964689941';'Pangya Shot(Bronze)';'6';'0';'title_021';'0';'0';'0';'50000';'0';'0';'0';'19';'0';'0';'0';'0';'0';'0';'0';'0';'0';'0';'0';'0';'0';'0';'0';'0';'0';'0';'0';'0';'0';'0';'0';'0';'0';'0';'0';'0';'0';'0';'0';'0';'0';'0';'0';'0';'0';'0';'&'
'1';'964689942';'FairWay (Bronze)';'6';'0';'title_022';'0';'0';'0';'50000';'0';'0';'0';'19';'0';'0';'0';'0';'0';'0';'0';'0';'0';'0';'0';'0';'0';'0';'0';'0';'0';'0';'0';'0';'0';'0';'0';'0';'0';'0';'0';'0';'0';'0';'0';'0';'0';'0';'0';'0';'0';'0';'&'
'1';'964689943';'Green Master (Bronze)';'6';'0';'title_023';'0';'0';'0';'50000';'0';'0';'0';'19';'0';'0';'0';'0';'0';'0';'0';'0';'0';'0';'0';'0';'0';'0';'0';'0';'0';'0';'0';'0';'0';'0';'0';'0';'0';'0';'0';'0';'0';'0';'0';'0';'0';'0';'0';'0';'0';'0';'&'
'1';'964689945';'GOLD';'0';'0';'title_025';'0';'0';'0';'100000';'0';'0';'0';'19';'0';'0';'0';'0';'0';'0';'0';'0';'0';'0';'0';'0';'0';'0';'0';'0';'0';'0';'0';'0';'0';'0';'0';'0';'0';'0';'0';'0';'0';'0';'0';'0';'0';'0';'0';'0';'0';'0';'&'
'1';'964689946';'SILVER';'0';'0';'title_026';'0';'0';'0';'50000';'0';'0';'0';'19';'0';'0';'0';'0';'0';'0';'0';'0';'0';'0';'0';'0';'0';'0';'0';'0';'0';'0';'0';'0';'0';'0';'0';'0';'0';'0';'0';'0';'0';'0';'0';'0';'0';'0';'0';'0';'0';'0';'&'
'1';'964689947';'BRONZE';'0';'0';'title_027';'0';'0';'0';'10000';'0';'0';'0';'19';'0';'0';'0';'0';'0';'0';'0';'0';'0';'0';'0';'0';'0';'0';'0';'0';'0';'0';'0';'0';'0';'0';'0';'0';'0';'0';'0';'0';'0';'0';'0';'0';'0';'0';'0';'0';'0';'0';'&'
'1';'964689948';'Manner Angle (Bronze)';'6';'0';'title_028';'0';'0';'0';'10000';'0';'0';'0';'19';'0';'0';'0';'0';'0';'0';'0';'0';'0';'0';'0';'0';'0';'0';'0';'0';'0';'0';'0';'0';'0';'0';'0';'0';'0';'0';'0';'0';'0';'0';'0';'0';'0';'0';'0';'0';'0';'0';'&'
'1';'964689950';'Happy Birthday(Kooh)';'0';'0';'title_030';'0';'0';'0';'1000000';'0';'0';'0';'0';'0';'0';'0';'0';'0';'0';'0';'0';'0';'0';'0';'0';'0';'0';'0';'0';'0';'0';'0';'0';'0';'0';'0';'0';'0';'0';'0';'0';'0';'0';'0';'0';'0';'0';'0';'0';'0';'0';'&'
'1';'964689954';'We love Thai';'0';'0';'title_034';'0';'0';'0';'1000000';'0';'0';'0';'0';'0';'0';'0';'0';'0';'0';'0';'0';'0';'0';'0';'0';'0';'0';'0';'0';'0';'0';'0';'0';'0';'0';'0';'0';'0';'0';'0';'0';'0';'0';'0';'0';'0';'0';'0';'0';'0';'0';'&'
'1';'964689956';'Happy Birthday(Hana)';'0';'0';'title_036';'0';'0';'0';'1000000';'0';'0';'0';'0';'0';'0';'0';'0';'0';'0';'0';'0';'0';'0';'0';'0';'0';'0';'0';'0';'0';'0';'0';'0';'0';'0';'0';'0';'0';'0';'0';'0';'0';'0';'0';'0';'0';'0';'0';'0';'0';'0';'&'
'1';'964689957';'5th Anniversary Title';'0';'0';'title_037';'0';'0';'0';'1000000';'0';'0';'0';'0';'0';'0';'0';'0';'0';'0';'0';'0';'0';'0';'0';'0';'0';'0';'0';'0';'0';'0';'0';'0';'0';'0';'0';'0';'0';'0';'0';'0';'0';'0';'0';'0';'0';'0';'0';'0';'0';'0';'&'
'1';'964690020';'LadderExpert';'0';'0';'title_100';'0';'0';'0';'1000000';'0';'0';'0';'0';'0';'0';'0';'0';'0';'0';'0';'0';'0';'0';'0';'0';'0';'0';'0';'0';'0';'0';'0';'0';'0';'0';'0';'0';'0';'0';'0';'0';'0';'0';'0';'0';'0';'0';'0';'0';'0';'0';'&'
'1';'964690021';'PGC';'0';'0';'title_101';'0';'0';'0';'1000000';'0';'0';'0';'0';'0';'0';'0';'0';'0';'0';'0';'0';'0';'0';'0';'0';'0';'0';'0';'0';'0';'0';'0';'0';'0';'0';'0';'0';'0';'0';'0';'0';'0';'0';'0';'0';'0';'0';'0';'0';'0';'0';'&'
'1';'964690022';'IPCT(IDNE)';'0';'0';'title_102';'0';'0';'0';'1000000';'0';'0';'0';'0';'0';'0';'0';'0';'0';'0';'0';'0';'0';'0';'0';'0';'0';'0';'0';'0';'0';'0';'0';'0';'0';'0';'0';'0';'0';'0';'0';'0';'0';'0';'0';'0';'0';'0';'0';'0';'0';'0';'&'
'1';'964690023';'VIP';'0';'0';'title_103';'0';'0';'0';'1000000';'0';'0';'0';'0';'0';'0';'0';'0';'0';'0';'0';'0';'0';'0';'0';'0';'0';'0';'0';'0';'0';'0';'0';'0';'0';'0';'0';'0';'0';'0';'0';'0';'0';'0';'0';'0';'0';'0';'0';'0';'0';'0';'&'
'1';'964690024';'New VIP';'0';'0';'title_104';'0';'0';'0';'1000000';'0';'0';'0';'0';'0';'0';'0';'0';'0';'0';'0';'0';'0';'0';'0';'0';'0';'0';'0';'0';'0';'0';'0';'0';'0';'0';'0';'0';'0';'0';'0';'0';'0';'0';'0';'0';'0';'0';'0';'0';'0';'0';'&'
'1';'964690096';'Goal post';'0';'0';'title_176';'0';'0';'0';'1000000';'0';'0';'0';'0';'0';'0';'0';'0';'0';'0';'0';'0';'0';'0';'0';'0';'0';'0';'0';'0';'0';'0';'0';'0';'0';'0';'0';'0';'0';'0';'0';'0';'0';'0';'0';'0';'0';'0';'0';'0';'0';'0';'&'
'1';'964690097';'Yellow card';'0';'0';'title_177';'0';'0';'0';'1000000';'0';'0';'0';'0';'0';'0';'0';'0';'0';'0';'0';'0';'0';'0';'0';'0';'0';'0';'0';'0';'0';'0';'0';'0';'0';'0';'0';'0';'0';'0';'0';'0';'0';'0';'0';'0';'0';'0';'0';'0';'0';'0';'&'
'1';'964690098';'Red card';'0';'0';'title_178';'0';'0';'0';'1000000';'0';'0';'0';'0';'0';'0';'0';'0';'0';'0';'0';'0';'0';'0';'0';'0';'0';'0';'0';'0';'0';'0';'0';'0';'0';'0';'0';'0';'0';'0';'0';'0';'0';'0';'0';'0';'0';'0';'0';'0';'0';'0';'&'
'1';'964690099';'Soccer';'0';'0';'title_179';'0';'0';'0';'1000000';'0';'0';'0';'0';'0';'0';'0';'0';'0';'0';'0';'0';'0';'0';'0';'0';'0';'0';'0';'0';'0';'0';'0';'0';'0';'0';'0';'0';'0';'0';'0';'0';'0';'0';'0';'0';'0';'0';'0';'0';'0';'0';'&'
'1';'964690100';'Golden Goal';'0';'0';'title_180';'0';'0';'0';'1000000';'0';'0';'0';'0';'0';'0';'0';'0';'0';'0';'0';'0';'0';'0';'0';'0';'0';'0';'0';'0';'0';'0';'0';'0';'0';'0';'0';'0';'0';'0';'0';'0';'0';'0';'0';'0';'0';'0';'0';'0';'0';'0';'&'
'1';'964690103';'Winner';'0';'0';'title_183';'0';'0';'0';'1000000';'0';'0';'0';'0';'0';'0';'0';'0';'0';'0';'0';'0';'0';'0';'0';'0';'0';'0';'0';'0';'0';'0';'0';'0';'0';'0';'0';'0';'0';'0';'0';'0';'0';'0';'0';'0';'0';'0';'0';'0';'0';'0';'&'
'1';'964690104';'Goal Hand';'0';'0';'title_184';'0';'0';'0';'1000000';'0';'0';'0';'0';'0';'0';'0';'0';'0';'0';'0';'0';'0';'0';'0';'0';'0';'0';'0';'0';'0';'0';'0';'0';'0';'0';'0';'0';'0';'0';'0';'0';'0';'0';'0';'0';'0';'0';'0';'0';'0';'0';'&'
'1';'964690105';'Soccer field';'0';'0';'title_185';'0';'0';'0';'1000000';'0';'0';'0';'0';'0';'0';'0';'0';'0';'0';'0';'0';'0';'0';'0';'0';'0';'0';'0';'0';'0';'0';'0';'0';'0';'0';'0';'0';'0';'0';'0';'0';'0';'0';'0';'0';'0';'0';'0';'0';'0';'0';'&'
'1';'964690106';'2010 Title';'0';'0';'title_186';'0';'0';'0';'1000000';'0';'0';'0';'0';'0';'0';'0';'0';'0';'0';'0';'0';'0';'0';'0';'0';'0';'0';'0';'0';'0';'0';'0';'0';'0';'0';'0';'0';'0';'0';'0';'0';'0';'0';'0';'0';'0';'0';'0';'0';'0';'0';'&'
'1';'964690107';'Out of Goal';'0';'0';'title_187';'0';'0';'0';'1000000';'0';'0';'0';'0';'0';'0';'0';'0';'0';'0';'0';'0';'0';'0';'0';'0';'0';'0';'0';'0';'0';'0';'0';'0';'0';'0';'0';'0';'0';'0';'0';'0';'0';'0';'0';'0';'0';'0';'0';'0';'0';'0';'&'
'1';'964690108';'Happy Birthday(Cecillia)';'0';'0';'title_188';'0';'0';'0';'27000';'0';'0';'0';'0';'0';'0';'0';'0';'0';'0';'0';'0';'0';'0';'0';'0';'0';'0';'0';'0';'0';'0';'0';'0';'0';'0';'0';'0';'0';'0';'0';'0';'0';'0';'0';'0';'0';'0';'0';'0';'0';'0';'&'
'1';'964690109';'Happy Birthday(Lucia)';'0';'0';'title_189';'0';'0';'0';'10000000';'0';'0';'0';'0';'0';'0';'0';'0';'0';'0';'0';'0';'0';'0';'0';'0';'0';'0';'0';'0';'0';'0';'0';'0';'0';'0';'0';'0';'0';'0';'0';'0';'0';'0';'0';'0';'0';'0';'0';'0';'0';'0';'&'
'1';'964690174';'Happy Birthday(Nuri)';'0';'0';'title_254';'0';'0';'0';'27000';'0';'0';'0';'0';'0';'0';'0';'0';'0';'0';'0';'0';'0';'0';'0';'0';'0';'0';'0';'0';'0';'0';'0';'0';'0';'0';'0';'0';'0';'0';'0';'0';'0';'0';'0';'0';'0';'0';'0';'0';'0';'0';'&'
'1';'964690182';'Happy Birthday(Arin)';'0';'0';'title_262';'0';'0';'0';'11000';'0';'0';'0';'0';'0';'0';'0';'0';'0';'0';'0';'0';'0';'0';'0';'0';'0';'0';'0';'0';'0';'0';'0';'0';'0';'0';'0';'0';'0';'0';'0';'0';'0';'0';'0';'0';'0';'0';'0';'0';'0';'0';'&'
'1';'964690183';'Arthur Birthday Title';'0';'0';'title_263';'0';'0';'0';'27000';'0';'0';'0';'0';'0';'0';'0';'0';'0';'0';'0';'0';'0';'0';'0';'0';'0';'0';'0';'0';'0';'0';'0';'0';'0';'0';'0';'0';'0';'0';'0';'0';'0';'0';'0';'0';'0';'0';'0';'0';'0';'0';'&'
'1';'964690184';'Together Love Dad Title';'0';'0';'title_264';'0';'0';'0';'10000000';'0';'0';'0';'0';'0';'0';'0';'0';'0';'0';'0';'0';'0';'0';'0';'0';'0';'0';'0';'0';'0';'0';'0';'0';'0';'0';'0';'0';'0';'0';'0';'0';'0';'0';'0';'0';'0';'0';'0';'0';'0';'0';'&'
'1';'964690185';'Happy Birthday(Kaz)';'0';'0';'title_265';'0';'0';'0';'20100';'0';'0';'0';'16';'0';'0';'0';'0';'0';'0';'0';'0';'0';'0';'0';'0';'0';'0';'0';'0';'0';'0';'0';'0';'0';'0';'0';'0';'0';'0';'0';'0';'0';'0';'0';'0';'0';'0';'0';'0';'0';'0';'&'
